source_url,target_url,kind,frozen,note
https://www.randomservices.org/random/Credits.html,http://creativecommons.org/licenses/by/1.0/,reference,false,outside the bounded core/ancillary freeze
https://www.randomservices.org/random/Credits.html,http://www.distributome.org,reference,false,outside the bounded core/ancillary freeze
https://www.randomservices.org/random/Credits.html,http://www.maa.org,reference,false,outside the bounded core/ancillary freeze
https://www.randomservices.org/random/Credits.html,http://www.mathdl.org/,reference,false,outside the bounded core/ancillary freeze
https://www.randomservices.org/random/Credits.html,http://www.nsdl.org,reference,false,outside the bounded core/ancillary freeze
https://www.randomservices.org/random/Credits.html,http://www.nsf.gov,reference,false,outside the bounded core/ancillary freeze
https://www.randomservices.org/random/Credits.html,http://www.randomservices.org/random/,reference,false,outside the bounded core/ancillary freeze
https://www.randomservices.org/random/Credits.html,http://www.uah.edu/,reference,false,outside the bounded core/ancillary freeze
https://www.randomservices.org/random/Credits.html,https://svgsilh.com/image/,reference,false,outside the bounded core/ancillary freeze
https://www.randomservices.org/random/Credits.html,https://www.me.uk/cards,reference,false,outside the bounded core/ancillary freeze
https://www.randomservices.org/random/Credits.html,https://www.randomservices.org/random/Basic.js,asset,true,
https://www.randomservices.org/random/Credits.html,https://www.randomservices.org/random/Screen.css,asset,true,
https://www.randomservices.org/random/Credits.html,https://www.randomservices.org/random/buffon/Triangles.html,reference,false,outside the bounded core/ancillary freeze
https://www.randomservices.org/random/Credits.html,https://www.randomservices.org/random/data/Cicada.html,ancillary,true,
https://www.randomservices.org/random/Credits.html,https://www.randomservices.org/random/data/MM.html,ancillary,true,
https://www.randomservices.org/random/Credits.html,https://www.randomservices.org/random/foundations/Structures.html,reference,false,outside the bounded core/ancillary freeze
https://www.randomservices.org/random/Credits.html,https://www.randomservices.org/random/foundations/index.html,reference,false,outside the bounded core/ancillary freeze
https://www.randomservices.org/random/Credits.html,https://www.randomservices.org/random/games/Bold.html,reference,false,outside the bounded core/ancillary freeze
https://www.randomservices.org/random/Credits.html,https://www.randomservices.org/random/games/Optimal.html,reference,false,outside the bounded core/ancillary freeze
https://www.randomservices.org/random/Credits.html,https://www.randomservices.org/random/games/RedBlack.html,reference,false,outside the bounded core/ancillary freeze
https://www.randomservices.org/random/Credits.html,https://www.randomservices.org/random/icons/Icon.svg,asset,true,
https://www.randomservices.org/random/Credits.html,https://www.randomservices.org/random/index.html,reference,false,outside the bounded core/ancillary freeze
https://www.randomservices.org/random/Credits.html,https://www.randomservices.org/random/sample/Covariance.html,reference,false,outside the bounded core/ancillary freeze
https://www.randomservices.org/random/Introduction.html,http://www.mathjax.org,reference,false,outside the bounded core/ancillary freeze
https://www.randomservices.org/random/Introduction.html,http://www.w3.org/,reference,false,outside the bounded core/ancillary freeze
https://www.randomservices.org/random/Introduction.html,https://www.randomservices.org/random/Basic.js,asset,true,
https://www.randomservices.org/random/Introduction.html,https://www.randomservices.org/random/Screen.css,asset,true,
https://www.randomservices.org/random/Introduction.html,https://www.randomservices.org/random/apps/index.html,ancillary,true,
https://www.randomservices.org/random/Introduction.html,https://www.randomservices.org/random/biographies/index.html,ancillary,true,
https://www.randomservices.org/random/Introduction.html,https://www.randomservices.org/random/data/index.html,ancillary,true,
https://www.randomservices.org/random/Introduction.html,https://www.randomservices.org/random/foundations/index.html,reference,false,outside the bounded core/ancillary freeze
https://www.randomservices.org/random/Introduction.html,https://www.randomservices.org/random/icons/Icon.png,asset,true,
https://www.randomservices.org/random/Introduction.html,https://www.randomservices.org/random/index.html,reference,false,outside the bounded core/ancillary freeze
https://www.randomservices.org/random/Screen.css,https://www.randomservices.org/random/icons/DieBlue5.svg,asset,true,
https://www.randomservices.org/random/Screen.css,https://www.randomservices.org/random/icons/DieGreen5.svg,asset,true,
https://www.randomservices.org/random/Screen.css,https://www.randomservices.org/random/icons/DieRed5.svg,asset,true,
https://www.randomservices.org/random/Screen.css,https://www.randomservices.org/random/icons/Minus.svg,asset,true,
https://www.randomservices.org/random/Screen.css,https://www.randomservices.org/random/icons/Plus.svg,asset,true,
https://www.randomservices.org/random/Screen.css,https://www.randomservices.org/random/icons/Reset.svg,asset,true,
https://www.randomservices.org/random/Screen.css,https://www.randomservices.org/random/icons/Run.svg,asset,true,
https://www.randomservices.org/random/Screen.css,https://www.randomservices.org/random/icons/Step.svg,asset,true,
https://www.randomservices.org/random/Screen.css,https://www.randomservices.org/random/icons/Stop.svg,asset,true,
https://www.randomservices.org/random/apps/Apps.js,https://www.randomservices.org/random/apps/Cards/Back.svg,asset,true,
https://www.randomservices.org/random/apps/Bertrand.html,https://www.randomservices.org/MathJax/tex-svg.js,asset,true,
https://www.randomservices.org/random/apps/Bertrand.html,https://www.randomservices.org/random/Screen.css,asset,true,
https://www.randomservices.org/random/apps/Bertrand.html,https://www.randomservices.org/random/apps/Apps.js,asset,true,
https://www.randomservices.org/random/apps/Bertrand.html,https://www.randomservices.org/random/apps/Distributions.js,asset,true,
https://www.randomservices.org/random/apps/Bertrand.html,https://www.randomservices.org/random/apps/index.html,reference,false,outside the bounded core/ancillary freeze
https://www.randomservices.org/random/apps/Bertrand.html,https://www.randomservices.org/random/icons/Icon.svg,asset,true,
https://www.randomservices.org/random/apps/BetaCoin.html,https://www.randomservices.org/MathJax/tex-svg.js,asset,true,
https://www.randomservices.org/random/apps/BetaCoin.html,https://www.randomservices.org/random/Screen.css,asset,true,
https://www.randomservices.org/random/apps/BetaCoin.html,https://www.randomservices.org/random/apps/Apps.js,asset,true,
https://www.randomservices.org/random/apps/BetaCoin.html,https://www.randomservices.org/random/apps/Distributions.js,asset,true,
https://www.randomservices.org/random/apps/BetaCoin.html,https://www.randomservices.org/random/apps/index.html,reference,false,outside the bounded core/ancillary freeze
https://www.randomservices.org/random/apps/BetaCoin.html,https://www.randomservices.org/random/icons/Icon.svg,asset,true,
https://www.randomservices.org/random/apps/BetaEstimate.html,https://www.randomservices.org/MathJax/tex-svg.js,asset,true,
https://www.randomservices.org/random/apps/BetaEstimate.html,https://www.randomservices.org/random/Screen.css,asset,true,
https://www.randomservices.org/random/apps/BetaEstimate.html,https://www.randomservices.org/random/apps/Apps.js,asset,true,
https://www.randomservices.org/random/apps/BetaEstimate.html,https://www.randomservices.org/random/apps/Distributions.js,asset,true,
https://www.randomservices.org/random/apps/BetaEstimate.html,https://www.randomservices.org/random/apps/index.html,reference,false,outside the bounded core/ancillary freeze
https://www.randomservices.org/random/apps/BetaEstimate.html,https://www.randomservices.org/random/icons/Icon.svg,asset,true,
https://www.randomservices.org/random/apps/BinomialCoin.html,https://www.randomservices.org/MathJax/tex-svg.js,asset,true,
https://www.randomservices.org/random/apps/BinomialCoin.html,https://www.randomservices.org/random/Screen.css,asset,true,
https://www.randomservices.org/random/apps/BinomialCoin.html,https://www.randomservices.org/random/apps/Apps.js,asset,true,
https://www.randomservices.org/random/apps/BinomialCoin.html,https://www.randomservices.org/random/apps/Distributions.js,asset,true,
https://www.randomservices.org/random/apps/BinomialCoin.html,https://www.randomservices.org/random/apps/index.html,reference,false,outside the bounded core/ancillary freeze
https://www.randomservices.org/random/apps/BinomialCoin.html,https://www.randomservices.org/random/icons/Icon.svg,asset,true,
https://www.randomservices.org/random/apps/BinomialTimeline.html,https://www.randomservices.org/MathJax/tex-svg.js,asset,true,
https://www.randomservices.org/random/apps/BinomialTimeline.html,https://www.randomservices.org/random/Screen.css,asset,true,
https://www.randomservices.org/random/apps/BinomialTimeline.html,https://www.randomservices.org/random/apps/Apps.js,asset,true,
https://www.randomservices.org/random/apps/BinomialTimeline.html,https://www.randomservices.org/random/apps/Distributions.js,asset,true,
https://www.randomservices.org/random/apps/BinomialTimeline.html,https://www.randomservices.org/random/apps/index.html,reference,false,outside the bounded core/ancillary freeze
https://www.randomservices.org/random/apps/BinomialTimeline.html,https://www.randomservices.org/random/icons/Icon.svg,asset,true,
https://www.randomservices.org/random/apps/BivariateNormal.html,https://www.randomservices.org/MathJax/tex-svg.js,asset,true,
https://www.randomservices.org/random/apps/BivariateNormal.html,https://www.randomservices.org/random/Screen.css,asset,true,
https://www.randomservices.org/random/apps/BivariateNormal.html,https://www.randomservices.org/random/apps/Apps.js,asset,true,
https://www.randomservices.org/random/apps/BivariateNormal.html,https://www.randomservices.org/random/apps/Distributions.js,asset,true,
https://www.randomservices.org/random/apps/BivariateNormal.html,https://www.randomservices.org/random/apps/index.html,reference,false,outside the bounded core/ancillary freeze
https://www.randomservices.org/random/apps/BivariateNormal.html,https://www.randomservices.org/random/icons/Icon.svg,asset,true,
https://www.randomservices.org/random/apps/BivariateUniform.html,https://www.randomservices.org/MathJax/tex-svg.js,asset,true,
https://www.randomservices.org/random/apps/BivariateUniform.html,https://www.randomservices.org/random/Screen.css,asset,true,
https://www.randomservices.org/random/apps/BivariateUniform.html,https://www.randomservices.org/random/apps/Apps.js,asset,true,
https://www.randomservices.org/random/apps/BivariateUniform.html,https://www.randomservices.org/random/apps/Distributions.js,asset,true,
https://www.randomservices.org/random/apps/BivariateUniform.html,https://www.randomservices.org/random/apps/index.html,reference,false,outside the bounded core/ancillary freeze
https://www.randomservices.org/random/apps/BivariateUniform.html,https://www.randomservices.org/random/icons/Icon.svg,asset,true,
https://www.randomservices.org/random/apps/BuffonCoin.html,https://www.randomservices.org/MathJax/tex-svg.js,asset,true,
https://www.randomservices.org/random/apps/BuffonCoin.html,https://www.randomservices.org/random/Screen.css,asset,true,
https://www.randomservices.org/random/apps/BuffonCoin.html,https://www.randomservices.org/random/apps/Apps.js,asset,true,
https://www.randomservices.org/random/apps/BuffonCoin.html,https://www.randomservices.org/random/apps/Distributions.js,asset,true,
https://www.randomservices.org/random/apps/BuffonCoin.html,https://www.randomservices.org/random/apps/index.html,reference,false,outside the bounded core/ancillary freeze
https://www.randomservices.org/random/apps/BuffonCoin.html,https://www.randomservices.org/random/icons/Icon.svg,asset,true,
https://www.randomservices.org/random/apps/Dice.html,https://www.randomservices.org/MathJax/tex-svg.js,asset,true,
https://www.randomservices.org/random/apps/Dice.html,https://www.randomservices.org/random/Screen.css,asset,true,
https://www.randomservices.org/random/apps/Dice.html,https://www.randomservices.org/random/apps/Apps.js,asset,true,
https://www.randomservices.org/random/apps/Dice.html,https://www.randomservices.org/random/apps/Distributions.js,asset,true,
https://www.randomservices.org/random/apps/Dice.html,https://www.randomservices.org/random/apps/index.html,reference,false,outside the bounded core/ancillary freeze
https://www.randomservices.org/random/apps/Dice.html,https://www.randomservices.org/random/icons/Icon.svg,asset,true,
https://www.randomservices.org/random/apps/DiceFit.html,https://www.randomservices.org/MathJax/tex-svg.js,asset,true,
https://www.randomservices.org/random/apps/DiceFit.html,https://www.randomservices.org/random/Screen.css,asset,true,
https://www.randomservices.org/random/apps/DiceFit.html,https://www.randomservices.org/random/apps/Apps.js,asset,true,
https://www.randomservices.org/random/apps/DiceFit.html,https://www.randomservices.org/random/apps/Distributions.js,asset,true,
https://www.randomservices.org/random/apps/DiceFit.html,https://www.randomservices.org/random/apps/index.html,reference,false,outside the bounded core/ancillary freeze
https://www.randomservices.org/random/apps/DiceFit.html,https://www.randomservices.org/random/icons/Icon.svg,asset,true,
https://www.randomservices.org/random/apps/ErrorFunction.html,https://www.randomservices.org/MathJax/tex-svg.js,asset,true,
https://www.randomservices.org/random/apps/ErrorFunction.html,https://www.randomservices.org/random/Screen.css,asset,true,
https://www.randomservices.org/random/apps/ErrorFunction.html,https://www.randomservices.org/random/apps/Apps.js,asset,true,
https://www.randomservices.org/random/apps/ErrorFunction.html,https://www.randomservices.org/random/apps/Distributions.js,asset,true,
https://www.randomservices.org/random/apps/ErrorFunction.html,https://www.randomservices.org/random/apps/index.html,reference,false,outside the bounded core/ancillary freeze
https://www.randomservices.org/random/apps/ErrorFunction.html,https://www.randomservices.org/random/icons/Icon.svg,asset,true,
https://www.randomservices.org/random/apps/Gamma.html,https://www.randomservices.org/MathJax/tex-svg.js,asset,true,
https://www.randomservices.org/random/apps/Gamma.html,https://www.randomservices.org/random/Screen.css,asset,true,
https://www.randomservices.org/random/apps/Gamma.html,https://www.randomservices.org/random/apps/Apps.js,asset,true,
https://www.randomservices.org/random/apps/Gamma.html,https://www.randomservices.org/random/apps/Distributions.js,asset,true,
https://www.randomservices.org/random/apps/Gamma.html,https://www.randomservices.org/random/apps/index.html,reference,false,outside the bounded core/ancillary freeze
https://www.randomservices.org/random/apps/Gamma.html,https://www.randomservices.org/random/icons/Icon.svg,asset,true,
https://www.randomservices.org/random/apps/GammaEstimate.html,https://www.randomservices.org/MathJax/tex-svg.js,asset,true,
https://www.randomservices.org/random/apps/GammaEstimate.html,https://www.randomservices.org/random/Screen.css,asset,true,
https://www.randomservices.org/random/apps/GammaEstimate.html,https://www.randomservices.org/random/apps/Apps.js,asset,true,
https://www.randomservices.org/random/apps/GammaEstimate.html,https://www.randomservices.org/random/apps/Distributions.js,asset,true,
https://www.randomservices.org/random/apps/GammaEstimate.html,https://www.randomservices.org/random/apps/index.html,reference,false,outside the bounded core/ancillary freeze
https://www.randomservices.org/random/apps/GammaEstimate.html,https://www.randomservices.org/random/icons/Icon.svg,asset,true,
https://www.randomservices.org/random/apps/Histogram.html,https://www.randomservices.org/MathJax/tex-svg.js,asset,true,
https://www.randomservices.org/random/apps/Histogram.html,https://www.randomservices.org/random/Screen.css,asset,true,
https://www.randomservices.org/random/apps/Histogram.html,https://www.randomservices.org/random/apps/Apps.js,asset,true,
https://www.randomservices.org/random/apps/Histogram.html,https://www.randomservices.org/random/apps/Distributions.js,asset,true,
https://www.randomservices.org/random/apps/Histogram.html,https://www.randomservices.org/random/apps/index.html,reference,false,outside the bounded core/ancillary freeze
https://www.randomservices.org/random/apps/Histogram.html,https://www.randomservices.org/random/icons/Icon.svg,asset,true,
https://www.randomservices.org/random/apps/Match.html,https://www.randomservices.org/MathJax/tex-svg.js,asset,true,
https://www.randomservices.org/random/apps/Match.html,https://www.randomservices.org/random/Screen.css,asset,true,
https://www.randomservices.org/random/apps/Match.html,https://www.randomservices.org/random/apps/Apps.js,asset,true,
https://www.randomservices.org/random/apps/Match.html,https://www.randomservices.org/random/apps/Distributions.js,asset,true,
https://www.randomservices.org/random/apps/Match.html,https://www.randomservices.org/random/apps/index.html,reference,false,outside the bounded core/ancillary freeze
https://www.randomservices.org/random/apps/Match.html,https://www.randomservices.org/random/icons/Icon.svg,asset,true,
https://www.randomservices.org/random/apps/MeanEstimate.html,https://www.randomservices.org/MathJax/tex-svg.js,asset,true,
https://www.randomservices.org/random/apps/MeanEstimate.html,https://www.randomservices.org/random/Screen.css,asset,true,
https://www.randomservices.org/random/apps/MeanEstimate.html,https://www.randomservices.org/random/apps/Apps.js,asset,true,
https://www.randomservices.org/random/apps/MeanEstimate.html,https://www.randomservices.org/random/apps/Distributions.js,asset,true,
https://www.randomservices.org/random/apps/MeanEstimate.html,https://www.randomservices.org/random/apps/index.html,reference,false,outside the bounded core/ancillary freeze
https://www.randomservices.org/random/apps/MeanEstimate.html,https://www.randomservices.org/random/icons/Icon.svg,asset,true,
https://www.randomservices.org/random/apps/MeanTest.html,https://www.randomservices.org/MathJax/tex-svg.js,asset,true,
https://www.randomservices.org/random/apps/MeanTest.html,https://www.randomservices.org/random/Screen.css,asset,true,
https://www.randomservices.org/random/apps/MeanTest.html,https://www.randomservices.org/random/apps/Apps.js,asset,true,
https://www.randomservices.org/random/apps/MeanTest.html,https://www.randomservices.org/random/apps/Distributions.js,asset,true,
https://www.randomservices.org/random/apps/MeanTest.html,https://www.randomservices.org/random/apps/index.html,reference,false,outside the bounded core/ancillary freeze
https://www.randomservices.org/random/apps/MeanTest.html,https://www.randomservices.org/random/icons/Icon.svg,asset,true,
https://www.randomservices.org/random/apps/NegativeBinomial.html,https://www.randomservices.org/MathJax/tex-svg.js,asset,true,
https://www.randomservices.org/random/apps/NegativeBinomial.html,https://www.randomservices.org/random/Screen.css,asset,true,
https://www.randomservices.org/random/apps/NegativeBinomial.html,https://www.randomservices.org/random/apps/Apps.js,asset,true,
https://www.randomservices.org/random/apps/NegativeBinomial.html,https://www.randomservices.org/random/apps/Distributions.js,asset,true,
https://www.randomservices.org/random/apps/NegativeBinomial.html,https://www.randomservices.org/random/apps/index.html,reference,false,outside the bounded core/ancillary freeze
https://www.randomservices.org/random/apps/NegativeBinomial.html,https://www.randomservices.org/random/icons/Icon.svg,asset,true,
https://www.randomservices.org/random/apps/NormalEstimate.html,https://www.randomservices.org/MathJax/tex-svg.js,asset,true,
https://www.randomservices.org/random/apps/NormalEstimate.html,https://www.randomservices.org/random/Screen.css,asset,true,
https://www.randomservices.org/random/apps/NormalEstimate.html,https://www.randomservices.org/random/apps/Apps.js,asset,true,
https://www.randomservices.org/random/apps/NormalEstimate.html,https://www.randomservices.org/random/apps/Distributions.js,asset,true,
https://www.randomservices.org/random/apps/NormalEstimate.html,https://www.randomservices.org/random/apps/index.html,reference,false,outside the bounded core/ancillary freeze
https://www.randomservices.org/random/apps/NormalEstimate.html,https://www.randomservices.org/random/icons/Icon.svg,asset,true,
https://www.randomservices.org/random/apps/OrderStatistic.html,https://www.randomservices.org/MathJax/tex-svg.js,asset,true,
https://www.randomservices.org/random/apps/OrderStatistic.html,https://www.randomservices.org/random/Screen.css,asset,true,
https://www.randomservices.org/random/apps/OrderStatistic.html,https://www.randomservices.org/random/apps/Apps.js,asset,true,
https://www.randomservices.org/random/apps/OrderStatistic.html,https://www.randomservices.org/random/apps/Distributions.js,asset,true,
https://www.randomservices.org/random/apps/OrderStatistic.html,https://www.randomservices.org/random/apps/index.html,reference,false,outside the bounded core/ancillary freeze
https://www.randomservices.org/random/apps/OrderStatistic.html,https://www.randomservices.org/random/icons/Icon.svg,asset,true,
https://www.randomservices.org/random/apps/ParetoEstimate.html,https://www.randomservices.org/MathJax/tex-svg.js,asset,true,
https://www.randomservices.org/random/apps/ParetoEstimate.html,https://www.randomservices.org/random/Screen.css,asset,true,
https://www.randomservices.org/random/apps/ParetoEstimate.html,https://www.randomservices.org/random/apps/Apps.js,asset,true,
https://www.randomservices.org/random/apps/ParetoEstimate.html,https://www.randomservices.org/random/apps/Distributions.js,asset,true,
https://www.randomservices.org/random/apps/ParetoEstimate.html,https://www.randomservices.org/random/apps/index.html,reference,false,outside the bounded core/ancillary freeze
https://www.randomservices.org/random/apps/ParetoEstimate.html,https://www.randomservices.org/random/icons/Icon.svg,asset,true,
https://www.randomservices.org/random/apps/Poisson.html,https://www.randomservices.org/MathJax/tex-svg.js,asset,true,
https://www.randomservices.org/random/apps/Poisson.html,https://www.randomservices.org/random/Screen.css,asset,true,
https://www.randomservices.org/random/apps/Poisson.html,https://www.randomservices.org/random/apps/Apps.js,asset,true,
https://www.randomservices.org/random/apps/Poisson.html,https://www.randomservices.org/random/apps/Distributions.js,asset,true,
https://www.randomservices.org/random/apps/Poisson.html,https://www.randomservices.org/random/apps/index.html,reference,false,outside the bounded core/ancillary freeze
https://www.randomservices.org/random/apps/Poisson.html,https://www.randomservices.org/random/icons/Icon.svg,asset,true,
https://www.randomservices.org/random/apps/Poker.html,https://www.me.uk/cards,reference,false,outside the bounded core/ancillary freeze
https://www.randomservices.org/random/apps/Poker.html,https://www.randomservices.org/MathJax/tex-svg.js,asset,true,
https://www.randomservices.org/random/apps/Poker.html,https://www.randomservices.org/random/Screen.css,asset,true,
https://www.randomservices.org/random/apps/Poker.html,https://www.randomservices.org/random/apps/Apps.js,asset,true,
https://www.randomservices.org/random/apps/Poker.html,https://www.randomservices.org/random/apps/Distributions.js,asset,true,
https://www.randomservices.org/random/apps/Poker.html,https://www.randomservices.org/random/apps/index.html,reference,false,outside the bounded core/ancillary freeze
https://www.randomservices.org/random/apps/Poker.html,https://www.randomservices.org/random/icons/Icon.svg,asset,true,
https://www.randomservices.org/random/apps/ProbabilityPlot.html,https://www.randomservices.org/MathJax/tex-svg.js,asset,true,
https://www.randomservices.org/random/apps/ProbabilityPlot.html,https://www.randomservices.org/random/Screen.css,asset,true,
https://www.randomservices.org/random/apps/ProbabilityPlot.html,https://www.randomservices.org/random/apps/Apps.js,asset,true,
https://www.randomservices.org/random/apps/ProbabilityPlot.html,https://www.randomservices.org/random/apps/Distributions.js,asset,true,
https://www.randomservices.org/random/apps/ProbabilityPlot.html,https://www.randomservices.org/random/apps/index.html,reference,false,outside the bounded core/ancillary freeze
https://www.randomservices.org/random/apps/ProbabilityPlot.html,https://www.randomservices.org/random/icons/Icon.svg,asset,true,
https://www.randomservices.org/random/apps/ProportionEstimate.html,https://www.randomservices.org/MathJax/tex-svg.js,asset,true,
https://www.randomservices.org/random/apps/ProportionEstimate.html,https://www.randomservices.org/random/Screen.css,asset,true,
https://www.randomservices.org/random/apps/ProportionEstimate.html,https://www.randomservices.org/random/apps/Apps.js,asset,true,
https://www.randomservices.org/random/apps/ProportionEstimate.html,https://www.randomservices.org/random/apps/Distributions.js,asset,true,
https://www.randomservices.org/random/apps/ProportionEstimate.html,https://www.randomservices.org/random/apps/index.html,reference,false,outside the bounded core/ancillary freeze
https://www.randomservices.org/random/apps/ProportionEstimate.html,https://www.randomservices.org/random/icons/Icon.svg,asset,true,
https://www.randomservices.org/random/apps/ProportionTest.html,https://www.randomservices.org/MathJax/tex-svg.js,asset,true,
https://www.randomservices.org/random/apps/ProportionTest.html,https://www.randomservices.org/random/Screen.css,asset,true,
https://www.randomservices.org/random/apps/ProportionTest.html,https://www.randomservices.org/random/apps/Apps.js,asset,true,
https://www.randomservices.org/random/apps/ProportionTest.html,https://www.randomservices.org/random/apps/Distributions.js,asset,true,
https://www.randomservices.org/random/apps/ProportionTest.html,https://www.randomservices.org/random/apps/index.html,reference,false,outside the bounded core/ancillary freeze
https://www.randomservices.org/random/apps/ProportionTest.html,https://www.randomservices.org/random/icons/Icon.svg,asset,true,
https://www.randomservices.org/random/apps/QuantileApp.html,https://www.randomservices.org/MathJax/tex-svg.js,asset,true,
https://www.randomservices.org/random/apps/QuantileApp.html,https://www.randomservices.org/random/Screen.css,asset,true,
https://www.randomservices.org/random/apps/QuantileApp.html,https://www.randomservices.org/random/apps/Apps.js,asset,true,
https://www.randomservices.org/random/apps/QuantileApp.html,https://www.randomservices.org/random/apps/Distributions.js,asset,true,
https://www.randomservices.org/random/apps/QuantileApp.html,https://www.randomservices.org/random/apps/index.html,reference,false,outside the bounded core/ancillary freeze
https://www.randomservices.org/random/apps/QuantileApp.html,https://www.randomservices.org/random/icons/Icon.svg,asset,true,
https://www.randomservices.org/random/apps/SampleMean.html,https://www.randomservices.org/MathJax/tex-svg.js,asset,true,
https://www.randomservices.org/random/apps/SampleMean.html,https://www.randomservices.org/random/Screen.css,asset,true,
https://www.randomservices.org/random/apps/SampleMean.html,https://www.randomservices.org/random/apps/Apps.js,asset,true,
https://www.randomservices.org/random/apps/SampleMean.html,https://www.randomservices.org/random/apps/Distributions.js,asset,true,
https://www.randomservices.org/random/apps/SampleMean.html,https://www.randomservices.org/random/apps/index.html,reference,false,outside the bounded core/ancillary freeze
https://www.randomservices.org/random/apps/SampleMean.html,https://www.randomservices.org/random/icons/Icon.svg,asset,true,
https://www.randomservices.org/random/apps/Scatterplot.html,https://www.randomservices.org/MathJax/tex-svg.js,asset,true,
https://www.randomservices.org/random/apps/Scatterplot.html,https://www.randomservices.org/random/Screen.css,asset,true,
https://www.randomservices.org/random/apps/Scatterplot.html,https://www.randomservices.org/random/apps/Apps.js,asset,true,
https://www.randomservices.org/random/apps/Scatterplot.html,https://www.randomservices.org/random/apps/Distributions.js,asset,true,
https://www.randomservices.org/random/apps/Scatterplot.html,https://www.randomservices.org/random/apps/index.html,reference,false,outside the bounded core/ancillary freeze
https://www.randomservices.org/random/apps/Scatterplot.html,https://www.randomservices.org/random/icons/Icon.svg,asset,true,
https://www.randomservices.org/random/apps/SignTest.html,https://www.randomservices.org/MathJax/tex-svg.js,asset,true,
https://www.randomservices.org/random/apps/SignTest.html,https://www.randomservices.org/random/Screen.css,asset,true,
https://www.randomservices.org/random/apps/SignTest.html,https://www.randomservices.org/random/apps/Apps.js,asset,true,
https://www.randomservices.org/random/apps/SignTest.html,https://www.randomservices.org/random/apps/Distributions.js,asset,true,
https://www.randomservices.org/random/apps/SignTest.html,https://www.randomservices.org/random/apps/index.html,reference,false,outside the bounded core/ancillary freeze
https://www.randomservices.org/random/apps/SignTest.html,https://www.randomservices.org/random/icons/Icon.svg,asset,true,
https://www.randomservices.org/random/apps/SpecialSimulator.html,https://www.randomservices.org/MathJax/tex-svg.js,asset,true,
https://www.randomservices.org/random/apps/SpecialSimulator.html,https://www.randomservices.org/random/Screen.css,asset,true,
https://www.randomservices.org/random/apps/SpecialSimulator.html,https://www.randomservices.org/random/apps/Apps.js,asset,true,
https://www.randomservices.org/random/apps/SpecialSimulator.html,https://www.randomservices.org/random/apps/Distributions.js,asset,true,
https://www.randomservices.org/random/apps/SpecialSimulator.html,https://www.randomservices.org/random/apps/index.html,reference,false,outside the bounded core/ancillary freeze
https://www.randomservices.org/random/apps/SpecialSimulator.html,https://www.randomservices.org/random/icons/Icon.svg,asset,true,
https://www.randomservices.org/random/apps/UniformEstimate.html,https://www.randomservices.org/MathJax/tex-svg.js,asset,true,
https://www.randomservices.org/random/apps/UniformEstimate.html,https://www.randomservices.org/random/Screen.css,asset,true,
https://www.randomservices.org/random/apps/UniformEstimate.html,https://www.randomservices.org/random/apps/Apps.js,asset,true,
https://www.randomservices.org/random/apps/UniformEstimate.html,https://www.randomservices.org/random/apps/Distributions.js,asset,true,
https://www.randomservices.org/random/apps/UniformEstimate.html,https://www.randomservices.org/random/apps/index.html,reference,false,outside the bounded core/ancillary freeze
https://www.randomservices.org/random/apps/UniformEstimate.html,https://www.randomservices.org/random/icons/Icon.svg,asset,true,
https://www.randomservices.org/random/apps/VarianceEstimate.html,https://www.randomservices.org/MathJax/tex-svg.js,asset,true,
https://www.randomservices.org/random/apps/VarianceEstimate.html,https://www.randomservices.org/random/Screen.css,asset,true,
https://www.randomservices.org/random/apps/VarianceEstimate.html,https://www.randomservices.org/random/apps/Apps.js,asset,true,
https://www.randomservices.org/random/apps/VarianceEstimate.html,https://www.randomservices.org/random/apps/Distributions.js,asset,true,
https://www.randomservices.org/random/apps/VarianceEstimate.html,https://www.randomservices.org/random/apps/index.html,reference,false,outside the bounded core/ancillary freeze
https://www.randomservices.org/random/apps/VarianceEstimate.html,https://www.randomservices.org/random/icons/Icon.svg,asset,true,
https://www.randomservices.org/random/apps/index.html,https://www.randomservices.org/random/Basic.js,asset,true,
https://www.randomservices.org/random/apps/index.html,https://www.randomservices.org/random/Screen.css,asset,true,
https://www.randomservices.org/random/apps/index.html,https://www.randomservices.org/random/apps/AbsoluteBrownianMotion.html,reference,false,outside the bounded core/ancillary freeze
https://www.randomservices.org/random/apps/index.html,https://www.randomservices.org/random/apps/AlternatingCoin.html,reference,false,outside the bounded core/ancillary freeze
https://www.randomservices.org/random/apps/index.html,https://www.randomservices.org/random/apps/BallUrn.html,reference,false,outside the bounded core/ancillary freeze
https://www.randomservices.org/random/apps/index.html,https://www.randomservices.org/random/apps/Ballot.html,reference,false,outside the bounded core/ancillary freeze
https://www.randomservices.org/random/apps/index.html,https://www.randomservices.org/random/apps/BernoulliGaltonBoard.html,reference,false,outside the bounded core/ancillary freeze
https://www.randomservices.org/random/apps/index.html,https://www.randomservices.org/random/apps/BernoulliLaplace.html,reference,false,outside the bounded core/ancillary freeze
https://www.randomservices.org/random/apps/index.html,https://www.randomservices.org/random/apps/Bertrand.html,reference,false,outside the bounded core/ancillary freeze
https://www.randomservices.org/random/apps/index.html,https://www.randomservices.org/random/apps/BetaBinomial.html,reference,false,outside the bounded core/ancillary freeze
https://www.randomservices.org/random/apps/index.html,https://www.randomservices.org/random/apps/BetaCoin.html,reference,false,outside the bounded core/ancillary freeze
https://www.randomservices.org/random/apps/index.html,https://www.randomservices.org/random/apps/BetaEstimate.html,reference,false,outside the bounded core/ancillary freeze
https://www.randomservices.org/random/apps/index.html,https://www.randomservices.org/random/apps/BetaNegativeBinomial.html,reference,false,outside the bounded core/ancillary freeze
https://www.randomservices.org/random/apps/index.html,https://www.randomservices.org/random/apps/BinomialCoin.html,reference,false,outside the bounded core/ancillary freeze
https://www.randomservices.org/random/apps/index.html,https://www.randomservices.org/random/apps/BinomialGaltonBoard.html,reference,false,outside the bounded core/ancillary freeze
https://www.randomservices.org/random/apps/index.html,https://www.randomservices.org/random/apps/BinomialTimeline.html,reference,false,outside the bounded core/ancillary freeze
https://www.randomservices.org/random/apps/index.html,https://www.randomservices.org/random/apps/Birthday.html,reference,false,outside the bounded core/ancillary freeze
https://www.randomservices.org/random/apps/index.html,https://www.randomservices.org/random/apps/BivariateNormal.html,reference,false,outside the bounded core/ancillary freeze
https://www.randomservices.org/random/apps/index.html,https://www.randomservices.org/random/apps/BivariateUniform.html,reference,false,outside the bounded core/ancillary freeze
https://www.randomservices.org/random/apps/index.html,https://www.randomservices.org/random/apps/Bold.html,reference,false,outside the bounded core/ancillary freeze
https://www.randomservices.org/random/apps/index.html,https://www.randomservices.org/random/apps/Bridge.html,reference,false,outside the bounded core/ancillary freeze
https://www.randomservices.org/random/apps/index.html,https://www.randomservices.org/random/apps/BrownianBridge.html,reference,false,outside the bounded core/ancillary freeze
https://www.randomservices.org/random/apps/index.html,https://www.randomservices.org/random/apps/BrownianMotion.html,reference,false,outside the bounded core/ancillary freeze
https://www.randomservices.org/random/apps/index.html,https://www.randomservices.org/random/apps/BrownianMotion2D.html,reference,false,outside the bounded core/ancillary freeze
https://www.randomservices.org/random/apps/index.html,https://www.randomservices.org/random/apps/BuffonCoin.html,reference,false,outside the bounded core/ancillary freeze
https://www.randomservices.org/random/apps/index.html,https://www.randomservices.org/random/apps/BuffonNeedle.html,reference,false,outside the bounded core/ancillary freeze
https://www.randomservices.org/random/apps/index.html,https://www.randomservices.org/random/apps/CardSample.html,reference,false,outside the bounded core/ancillary freeze
https://www.randomservices.org/random/apps/index.html,https://www.randomservices.org/random/apps/Cauchy.html,reference,false,outside the bounded core/ancillary freeze
https://www.randomservices.org/random/apps/index.html,https://www.randomservices.org/random/apps/ChuckALuck.html,reference,false,outside the bounded core/ancillary freeze
https://www.randomservices.org/random/apps/index.html,https://www.randomservices.org/random/apps/CoinDie.html,reference,false,outside the bounded core/ancillary freeze
https://www.randomservices.org/random/apps/index.html,https://www.randomservices.org/random/apps/CoinSample.html,reference,false,outside the bounded core/ancillary freeze
https://www.randomservices.org/random/apps/index.html,https://www.randomservices.org/random/apps/ConditionalProbability.html,reference,false,outside the bounded core/ancillary freeze
https://www.randomservices.org/random/apps/index.html,https://www.randomservices.org/random/apps/CouponCollector.html,reference,false,outside the bounded core/ancillary freeze
https://www.randomservices.org/random/apps/index.html,https://www.randomservices.org/random/apps/Craps.html,reference,false,outside the bounded core/ancillary freeze
https://www.randomservices.org/random/apps/index.html,https://www.randomservices.org/random/apps/Dice.html,reference,false,outside the bounded core/ancillary freeze
https://www.randomservices.org/random/apps/index.html,https://www.randomservices.org/random/apps/DiceFit.html,reference,false,outside the bounded core/ancillary freeze
https://www.randomservices.org/random/apps/index.html,https://www.randomservices.org/random/apps/DiceSample.html,reference,false,outside the bounded core/ancillary freeze
https://www.randomservices.org/random/apps/index.html,https://www.randomservices.org/random/apps/DieCoin.html,reference,false,outside the bounded core/ancillary freeze
https://www.randomservices.org/random/apps/index.html,https://www.randomservices.org/random/apps/DriftBrownianMotion.html,reference,false,outside the bounded core/ancillary freeze
https://www.randomservices.org/random/apps/index.html,https://www.randomservices.org/random/apps/Ehrenfest.html,reference,false,outside the bounded core/ancillary freeze
https://www.randomservices.org/random/apps/index.html,https://www.randomservices.org/random/apps/ErrorFunction.html,reference,false,outside the bounded core/ancillary freeze
https://www.randomservices.org/random/apps/index.html,https://www.randomservices.org/random/apps/FiniteOrderStatistic.html,reference,false,outside the bounded core/ancillary freeze
https://www.randomservices.org/random/apps/index.html,https://www.randomservices.org/random/apps/Fire.html,reference,false,outside the bounded core/ancillary freeze
https://www.randomservices.org/random/apps/index.html,https://www.randomservices.org/random/apps/GaltonBoard.html,reference,false,outside the bounded core/ancillary freeze
https://www.randomservices.org/random/apps/index.html,https://www.randomservices.org/random/apps/Gamma.html,reference,false,outside the bounded core/ancillary freeze
https://www.randomservices.org/random/apps/index.html,https://www.randomservices.org/random/apps/GammaEstimate.html,reference,false,outside the bounded core/ancillary freeze
https://www.randomservices.org/random/apps/index.html,https://www.randomservices.org/random/apps/GeometricBrownianMotion.html,reference,false,outside the bounded core/ancillary freeze
https://www.randomservices.org/random/apps/index.html,https://www.randomservices.org/random/apps/HighLow.html,reference,false,outside the bounded core/ancillary freeze
https://www.randomservices.org/random/apps/index.html,https://www.randomservices.org/random/apps/Histogram.html,reference,false,outside the bounded core/ancillary freeze
https://www.randomservices.org/random/apps/index.html,https://www.randomservices.org/random/apps/Instructions.html,reference,false,outside the bounded core/ancillary freeze
https://www.randomservices.org/random/apps/index.html,https://www.randomservices.org/random/apps/IntegratedBrownianMotion.html,reference,false,outside the bounded core/ancillary freeze
https://www.randomservices.org/random/apps/index.html,https://www.randomservices.org/random/apps/Match.html,reference,false,outside the bounded core/ancillary freeze
https://www.randomservices.org/random/apps/index.html,https://www.randomservices.org/random/apps/MeanEstimate.html,reference,false,outside the bounded core/ancillary freeze
https://www.randomservices.org/random/apps/index.html,https://www.randomservices.org/random/apps/MeanTest.html,reference,false,outside the bounded core/ancillary freeze
https://www.randomservices.org/random/apps/index.html,https://www.randomservices.org/random/apps/MontyHall.html,reference,false,outside the bounded core/ancillary freeze
https://www.randomservices.org/random/apps/index.html,https://www.randomservices.org/random/apps/MontyHall2.html,reference,false,outside the bounded core/ancillary freeze
https://www.randomservices.org/random/apps/index.html,https://www.randomservices.org/random/apps/NegativeBinomial.html,reference,false,outside the bounded core/ancillary freeze
https://www.randomservices.org/random/apps/index.html,https://www.randomservices.org/random/apps/NormalEstimate.html,reference,false,outside the bounded core/ancillary freeze
https://www.randomservices.org/random/apps/index.html,https://www.randomservices.org/random/apps/OrderStatistic.html,reference,false,outside the bounded core/ancillary freeze
https://www.randomservices.org/random/apps/index.html,https://www.randomservices.org/random/apps/ParetoEstimate.html,reference,false,outside the bounded core/ancillary freeze
https://www.randomservices.org/random/apps/index.html,https://www.randomservices.org/random/apps/PointProblem.html,reference,false,outside the bounded core/ancillary freeze
https://www.randomservices.org/random/apps/index.html,https://www.randomservices.org/random/apps/Poisson.html,reference,false,outside the bounded core/ancillary freeze
https://www.randomservices.org/random/apps/index.html,https://www.randomservices.org/random/apps/Poisson2D.html,reference,false,outside the bounded core/ancillary freeze
https://www.randomservices.org/random/apps/index.html,https://www.randomservices.org/random/apps/PoissonSplit.html,reference,false,outside the bounded core/ancillary freeze
https://www.randomservices.org/random/apps/index.html,https://www.randomservices.org/random/apps/Poker.html,reference,false,outside the bounded core/ancillary freeze
https://www.randomservices.org/random/apps/index.html,https://www.randomservices.org/random/apps/PokerDice.html,reference,false,outside the bounded core/ancillary freeze
https://www.randomservices.org/random/apps/index.html,https://www.randomservices.org/random/apps/Polya.html,reference,false,outside the bounded core/ancillary freeze
https://www.randomservices.org/random/apps/index.html,https://www.randomservices.org/random/apps/ProbabilityPlot.html,reference,false,outside the bounded core/ancillary freeze
https://www.randomservices.org/random/apps/index.html,https://www.randomservices.org/random/apps/ProportionEstimate.html,reference,false,outside the bounded core/ancillary freeze
https://www.randomservices.org/random/apps/index.html,https://www.randomservices.org/random/apps/ProportionTest.html,reference,false,outside the bounded core/ancillary freeze
https://www.randomservices.org/random/apps/index.html,https://www.randomservices.org/random/apps/QuantileApp.html,reference,false,outside the bounded core/ancillary freeze
https://www.randomservices.org/random/apps/index.html,https://www.randomservices.org/random/apps/RandomQuantile.html,reference,false,outside the bounded core/ancillary freeze
https://www.randomservices.org/random/apps/index.html,https://www.randomservices.org/random/apps/RandomWalk.html,reference,false,outside the bounded core/ancillary freeze
https://www.randomservices.org/random/apps/index.html,https://www.randomservices.org/random/apps/ReflectedBrownianMotion.html,reference,false,outside the bounded core/ancillary freeze
https://www.randomservices.org/random/apps/index.html,https://www.randomservices.org/random/apps/Rejection.html,reference,false,outside the bounded core/ancillary freeze
https://www.randomservices.org/random/apps/index.html,https://www.randomservices.org/random/apps/RemainingLife.html,reference,false,outside the bounded core/ancillary freeze
https://www.randomservices.org/random/apps/index.html,https://www.randomservices.org/random/apps/Renewal.html,reference,false,outside the bounded core/ancillary freeze
https://www.randomservices.org/random/apps/index.html,https://www.randomservices.org/random/apps/Roulette.html,reference,false,outside the bounded core/ancillary freeze
https://www.randomservices.org/random/apps/index.html,https://www.randomservices.org/random/apps/SampleMean.html,reference,false,outside the bounded core/ancillary freeze
https://www.randomservices.org/random/apps/index.html,https://www.randomservices.org/random/apps/Scatterplot.html,reference,false,outside the bounded core/ancillary freeze
https://www.randomservices.org/random/apps/index.html,https://www.randomservices.org/random/apps/Secretary.html,reference,false,outside the bounded core/ancillary freeze
https://www.randomservices.org/random/apps/index.html,https://www.randomservices.org/random/apps/Secretary2.html,reference,false,outside the bounded core/ancillary freeze
https://www.randomservices.org/random/apps/index.html,https://www.randomservices.org/random/apps/SignTest.html,reference,false,outside the bounded core/ancillary freeze
https://www.randomservices.org/random/apps/index.html,https://www.randomservices.org/random/apps/SimpleProbability.html,reference,false,outside the bounded core/ancillary freeze
https://www.randomservices.org/random/apps/index.html,https://www.randomservices.org/random/apps/SpecialSimulator.html,reference,false,outside the bounded core/ancillary freeze
https://www.randomservices.org/random/apps/index.html,https://www.randomservices.org/random/apps/Split.html,reference,false,outside the bounded core/ancillary freeze
https://www.randomservices.org/random/apps/index.html,https://www.randomservices.org/random/apps/SuccessRuns.html,reference,false,outside the bounded core/ancillary freeze
https://www.randomservices.org/random/apps/index.html,https://www.randomservices.org/random/apps/Timid.html,reference,false,outside the bounded core/ancillary freeze
https://www.randomservices.org/random/apps/index.html,https://www.randomservices.org/random/apps/Triangle.html,reference,false,outside the bounded core/ancillary freeze
https://www.randomservices.org/random/apps/index.html,https://www.randomservices.org/random/apps/TwoState.html,reference,false,outside the bounded core/ancillary freeze
https://www.randomservices.org/random/apps/index.html,https://www.randomservices.org/random/apps/UniformEstimate.html,reference,false,outside the bounded core/ancillary freeze
https://www.randomservices.org/random/apps/index.html,https://www.randomservices.org/random/apps/VarianceEstimate.html,reference,false,outside the bounded core/ancillary freeze
https://www.randomservices.org/random/apps/index.html,https://www.randomservices.org/random/apps/VarianceTest.html,reference,false,outside the bounded core/ancillary freeze
https://www.randomservices.org/random/apps/index.html,https://www.randomservices.org/random/apps/Venn.html,reference,false,outside the bounded core/ancillary freeze
https://www.randomservices.org/random/apps/index.html,https://www.randomservices.org/random/apps/Voter.html,reference,false,outside the bounded core/ancillary freeze
https://www.randomservices.org/random/apps/index.html,https://www.randomservices.org/random/icons/Icon.svg,asset,true,
https://www.randomservices.org/random/biographies/Bayes.html,http://en.wikipedia.org/wiki/Thomas_Bayes,reference,false,outside the bounded core/ancillary freeze
https://www.randomservices.org/random/biographies/Bayes.html,"http://www.google.com/search?q=An+Introduction+to+the+Doctrine+of+Fluxions,+and+a+Defense+of+the+Mathematicians+Against+the+Objections+of+the+Autor+of+The+Analyst,+Bayes",reference,false,outside the bounded core/ancillary freeze
https://www.randomservices.org/random/biographies/Bayes.html,"http://www.google.com/search?q=Essay+towards+solving+a+problem+in+the+doctrine+of+chances,+Bayes",reference,false,outside the bounded core/ancillary freeze
https://www.randomservices.org/random/biographies/Bayes.html,https://mathshistory.st-andrews.ac.uk/,reference,false,outside the bounded core/ancillary freeze
https://www.randomservices.org/random/biographies/Bayes.html,https://www.randomservices.org/random/Basic.js,asset,true,
https://www.randomservices.org/random/biographies/Bayes.html,https://www.randomservices.org/random/Screen.css,asset,true,
https://www.randomservices.org/random/biographies/Bayes.html,https://www.randomservices.org/random/biographies/Bayes.png,asset,true,
https://www.randomservices.org/random/biographies/Bayes.html,https://www.randomservices.org/random/biographies/index.html,reference,false,outside the bounded core/ancillary freeze
https://www.randomservices.org/random/biographies/Bayes.html,https://www.randomservices.org/random/icons/Icon.svg,asset,true,
https://www.randomservices.org/random/biographies/Bernoulli.html,"http://www.google.com/search?q=Acta+Eruditorum,+Bernoulli",reference,false,outside the bounded core/ancillary freeze
https://www.randomservices.org/random/biographies/Bernoulli.html,"http://www.google.com/search?q=Ars+Conjectandi,+Bernoulli",reference,false,outside the bounded core/ancillary freeze
https://www.randomservices.org/random/biographies/Bernoulli.html,http://www.maa.org/publications/periodicals/convergence,reference,false,outside the bounded core/ancillary freeze
https://www.randomservices.org/random/biographies/Bernoulli.html,https://mathshistory.st-andrews.ac.uk/,reference,false,outside the bounded core/ancillary freeze
https://www.randomservices.org/random/biographies/Bernoulli.html,https://www.randomservices.org/random/Basic.js,asset,true,
https://www.randomservices.org/random/biographies/Bernoulli.html,https://www.randomservices.org/random/Screen.css,asset,true,
https://www.randomservices.org/random/biographies/Bernoulli.html,https://www.randomservices.org/random/biographies/Bernoulli.png,asset,true,
https://www.randomservices.org/random/biographies/Bernoulli.html,https://www.randomservices.org/random/biographies/index.html,reference,false,outside the bounded core/ancillary freeze
https://www.randomservices.org/random/biographies/Bernoulli.html,https://www.randomservices.org/random/icons/Icon.svg,asset,true,
https://www.randomservices.org/random/biographies/Blackwell.html,"http://www.google.com/search?q=The+Theory+of+Games+and+Statistical+Decisions,+Blackwell,+Girshick",reference,false,outside the bounded core/ancillary freeze
https://www.randomservices.org/random/biographies/Blackwell.html,http://www.stat.berkeley.edu/,reference,false,outside the bounded core/ancillary freeze
https://www.randomservices.org/random/biographies/Blackwell.html,https://www.randomservices.org/random/Basic.js,asset,true,
https://www.randomservices.org/random/biographies/Blackwell.html,https://www.randomservices.org/random/Screen.css,asset,true,
https://www.randomservices.org/random/biographies/Blackwell.html,https://www.randomservices.org/random/biographies/index.html,reference,false,outside the bounded core/ancillary freeze
https://www.randomservices.org/random/biographies/Blackwell.html,https://www.randomservices.org/random/icons/Icon.svg,asset,true,
https://www.randomservices.org/random/biographies/Cavendish.html,http://en.wikipedia.org/wiki/Henry_Cavendish,reference,false,outside the bounded core/ancillary freeze
https://www.randomservices.org/random/biographies/Cavendish.html,http://www.biography.com,reference,false,outside the bounded core/ancillary freeze
https://www.randomservices.org/random/biographies/Cavendish.html,https://www.randomservices.org/random/Basic.js,asset,true,
https://www.randomservices.org/random/biographies/Cavendish.html,https://www.randomservices.org/random/Screen.css,asset,true,
https://www.randomservices.org/random/biographies/Cavendish.html,https://www.randomservices.org/random/biographies/Cavendish.png,asset,true,
https://www.randomservices.org/random/biographies/Cavendish.html,https://www.randomservices.org/random/biographies/index.html,reference,false,outside the bounded core/ancillary freeze
https://www.randomservices.org/random/biographies/Cavendish.html,https://www.randomservices.org/random/icons/Icon.svg,asset,true,
https://www.randomservices.org/random/biographies/Clemens.html,http://en.wikipedia.org/wiki/Samuel_Clemens,reference,false,outside the bounded core/ancillary freeze
https://www.randomservices.org/random/biographies/Clemens.html,http://www.biography.com,reference,false,outside the bounded core/ancillary freeze
https://www.randomservices.org/random/biographies/Clemens.html,"http://www.google.com/search?q=Autobiography+of+Mark+Twain,+Mark+Twain",reference,false,outside the bounded core/ancillary freeze
https://www.randomservices.org/random/biographies/Clemens.html,"http://www.google.com/search?q=Life+on+the+Mississippi,+Mark+Twain",reference,false,outside the bounded core/ancillary freeze
https://www.randomservices.org/random/biographies/Clemens.html,"http://www.google.com/search?q=The+Adventures+of+Huckleberry+Finn,+Mark+Twain",reference,false,outside the bounded core/ancillary freeze
https://www.randomservices.org/random/biographies/Clemens.html,"http://www.google.com/search?q=The+Adventures+of+Tom+Sawyer,+Mark+Twain",reference,false,outside the bounded core/ancillary freeze
https://www.randomservices.org/random/biographies/Clemens.html,"http://www.google.com/search?q=The+Prince+and+the+Pauper,+Mark+Twain",reference,false,outside the bounded core/ancillary freeze
https://www.randomservices.org/random/biographies/Clemens.html,https://www.randomservices.org/random/Basic.js,asset,true,
https://www.randomservices.org/random/biographies/Clemens.html,https://www.randomservices.org/random/Screen.css,asset,true,
https://www.randomservices.org/random/biographies/Clemens.html,https://www.randomservices.org/random/biographies/Clemens.png,asset,true,
https://www.randomservices.org/random/biographies/Clemens.html,https://www.randomservices.org/random/biographies/index.html,reference,false,outside the bounded core/ancillary freeze
https://www.randomservices.org/random/biographies/Clemens.html,https://www.randomservices.org/random/icons/Icon.svg,asset,true,
https://www.randomservices.org/random/biographies/Cramer.html,https://mathshistory.st-andrews.ac.uk/,reference,false,outside the bounded core/ancillary freeze
https://www.randomservices.org/random/biographies/Cramer.html,https://www.randomservices.org/random/Basic.js,asset,true,
https://www.randomservices.org/random/biographies/Cramer.html,https://www.randomservices.org/random/Screen.css,asset,true,
https://www.randomservices.org/random/biographies/Cramer.html,https://www.randomservices.org/random/biographies/index.html,reference,false,outside the bounded core/ancillary freeze
https://www.randomservices.org/random/biographies/Cramer.html,https://www.randomservices.org/random/icons/Icon.svg,asset,true,
https://www.randomservices.org/random/biographies/DeMoivre.html,"http://www.google.com/search?q=Miscellanea+Analytica,+De+Moivre",reference,false,outside the bounded core/ancillary freeze
https://www.randomservices.org/random/biographies/DeMoivre.html,"http://www.google.com/search?q=The+Doctrine+of+Chances,+De+Moivre",reference,false,outside the bounded core/ancillary freeze
https://www.randomservices.org/random/biographies/DeMoivre.html,http://www.maa.org/publications/periodicals/convergence,reference,false,outside the bounded core/ancillary freeze
https://www.randomservices.org/random/biographies/DeMoivre.html,https://mathshistory.st-andrews.ac.uk/,reference,false,outside the bounded core/ancillary freeze
https://www.randomservices.org/random/biographies/DeMoivre.html,https://www.randomservices.org/random/Basic.js,asset,true,
https://www.randomservices.org/random/biographies/DeMoivre.html,https://www.randomservices.org/random/Screen.css,asset,true,
https://www.randomservices.org/random/biographies/DeMoivre.html,https://www.randomservices.org/random/biographies/DeMoivre.png,asset,true,
https://www.randomservices.org/random/biographies/DeMoivre.html,https://www.randomservices.org/random/biographies/Newton.html,reference,false,outside the bounded core/ancillary freeze
https://www.randomservices.org/random/biographies/DeMoivre.html,https://www.randomservices.org/random/biographies/index.html,reference,false,outside the bounded core/ancillary freeze
https://www.randomservices.org/random/biographies/DeMoivre.html,https://www.randomservices.org/random/icons/Icon.svg,asset,true,
https://www.randomservices.org/random/biographies/Doyle.html,http://en.wikipedia.org/wiki/Arthur_Conan_Doyle,reference,false,outside the bounded core/ancillary freeze
https://www.randomservices.org/random/biographies/Doyle.html,http://www.biography.com,reference,false,outside the bounded core/ancillary freeze
https://www.randomservices.org/random/biographies/Doyle.html,"http://www.google.com/search?q=The+Boer+War,+Doyle",reference,false,outside the bounded core/ancillary freeze
https://www.randomservices.org/random/biographies/Doyle.html,https://www.randomservices.org/random/Basic.js,asset,true,
https://www.randomservices.org/random/biographies/Doyle.html,https://www.randomservices.org/random/Screen.css,asset,true,
https://www.randomservices.org/random/biographies/Doyle.html,https://www.randomservices.org/random/biographies/Doyle.png,asset,true,
https://www.randomservices.org/random/biographies/Doyle.html,https://www.randomservices.org/random/biographies/index.html,reference,false,outside the bounded core/ancillary freeze
https://www.randomservices.org/random/biographies/Doyle.html,https://www.randomservices.org/random/icons/Icon.svg,asset,true,
https://www.randomservices.org/random/biographies/Erlang.html,http://en.wikipedia.org/wiki/Agner_Krarup_Erlang,reference,false,outside the bounded core/ancillary freeze
https://www.randomservices.org/random/biographies/Erlang.html,https://www.randomservices.org/random/Basic.js,asset,true,
https://www.randomservices.org/random/biographies/Erlang.html,https://www.randomservices.org/random/Screen.css,asset,true,
https://www.randomservices.org/random/biographies/Erlang.html,https://www.randomservices.org/random/biographies/Erlang.png,asset,true,
https://www.randomservices.org/random/biographies/Erlang.html,https://www.randomservices.org/random/biographies/Jensen.html,reference,false,outside the bounded core/ancillary freeze
https://www.randomservices.org/random/biographies/Erlang.html,https://www.randomservices.org/random/biographies/index.html,reference,false,outside the bounded core/ancillary freeze
https://www.randomservices.org/random/biographies/Erlang.html,https://www.randomservices.org/random/icons/Icon.svg,asset,true,
https://www.randomservices.org/random/biographies/Fisher.html,http://www.maa.org/publications/periodicals/convergence,reference,false,outside the bounded core/ancillary freeze
https://www.randomservices.org/random/biographies/Fisher.html,https://mathshistory.st-andrews.ac.uk/,reference,false,outside the bounded core/ancillary freeze
https://www.randomservices.org/random/biographies/Fisher.html,https://www.randomservices.org/random/Basic.js,asset,true,
https://www.randomservices.org/random/biographies/Fisher.html,https://www.randomservices.org/random/Screen.css,asset,true,
https://www.randomservices.org/random/biographies/Fisher.html,https://www.randomservices.org/random/biographies/Airy.html,reference,false,outside the bounded core/ancillary freeze
https://www.randomservices.org/random/biographies/Fisher.html,https://www.randomservices.org/random/biographies/Fisher.png,asset,true,
https://www.randomservices.org/random/biographies/Fisher.html,https://www.randomservices.org/random/biographies/Galton.html,reference,false,outside the bounded core/ancillary freeze
https://www.randomservices.org/random/biographies/Fisher.html,https://www.randomservices.org/random/biographies/index.html,reference,false,outside the bounded core/ancillary freeze
https://www.randomservices.org/random/biographies/Fisher.html,https://www.randomservices.org/random/icons/Icon.svg,asset,true,
https://www.randomservices.org/random/biographies/Hutchins.html,"http://www.google.com/search?q=Education+for+Freedom,+Hutchins",reference,false,outside the bounded core/ancillary freeze
https://www.randomservices.org/random/biographies/Hutchins.html,"http://www.google.com/search?q=Higher+Learning+in+America,+Hutchins",reference,false,outside the bounded core/ancillary freeze
https://www.randomservices.org/random/biographies/Hutchins.html,"http://www.google.com/search?q=No+Friendly+Voice,+Hutchins",reference,false,outside the bounded core/ancillary freeze
https://www.randomservices.org/random/biographies/Hutchins.html,"http://www.google.com/search?q=St.+Thomas+and+the+World+State,+Hutchins",reference,false,outside the bounded core/ancillary freeze
https://www.randomservices.org/random/biographies/Hutchins.html,"http://www.google.com/search?q=The+Conflict+in+Education+in+a+Democratic+Society,+Hutchins",reference,false,outside the bounded core/ancillary freeze
https://www.randomservices.org/random/biographies/Hutchins.html,"http://www.google.com/search?q=The+Democratic+Dilemma,+Hutchins",reference,false,outside the bounded core/ancillary freeze
https://www.randomservices.org/random/biographies/Hutchins.html,"http://www.google.com/search?q=The+Great+Conversation,+Hutchins",reference,false,outside the bounded core/ancillary freeze
https://www.randomservices.org/random/biographies/Hutchins.html,"http://www.google.com/search?q=The+Learning+Society,+Hutchins",reference,false,outside the bounded core/ancillary freeze
https://www.randomservices.org/random/biographies/Hutchins.html,"http://www.google.com/search?q=Unseasonable+Truths:+The+Life+of+Robert+Maynard+Hutchins,+Ashmore",reference,false,outside the bounded core/ancillary freeze
https://www.randomservices.org/random/biographies/Hutchins.html,https://www.randomservices.org/random/Basic.js,asset,true,
https://www.randomservices.org/random/biographies/Hutchins.html,https://www.randomservices.org/random/Screen.css,asset,true,
https://www.randomservices.org/random/biographies/Hutchins.html,https://www.randomservices.org/random/biographies/Hutchins.png,asset,true,
https://www.randomservices.org/random/biographies/Hutchins.html,https://www.randomservices.org/random/biographies/index.html,reference,false,outside the bounded core/ancillary freeze
https://www.randomservices.org/random/biographies/Hutchins.html,https://www.randomservices.org/random/icons/Icon.svg,asset,true,
https://www.randomservices.org/random/biographies/James.html,http://en.wikipedia.org/wiki/William_James,reference,false,outside the bounded core/ancillary freeze
https://www.randomservices.org/random/biographies/James.html,http://www.biography.com,reference,false,outside the bounded core/ancillary freeze
https://www.randomservices.org/random/biographies/James.html,"http://www.google.com/search?q=Principles+of+Psychology,+James",reference,false,outside the bounded core/ancillary freeze
https://www.randomservices.org/random/biographies/James.html,https://www.randomservices.org/random/Basic.js,asset,true,
https://www.randomservices.org/random/biographies/James.html,https://www.randomservices.org/random/Screen.css,asset,true,
https://www.randomservices.org/random/biographies/James.html,https://www.randomservices.org/random/biographies/James.png,asset,true,
https://www.randomservices.org/random/biographies/James.html,https://www.randomservices.org/random/biographies/index.html,reference,false,outside the bounded core/ancillary freeze
https://www.randomservices.org/random/biographies/James.html,https://www.randomservices.org/random/icons/Icon.svg,asset,true,
https://www.randomservices.org/random/biographies/Lagrange.html,"http://www.google.com/search?q=Mécanique+Analytique,+Lagrange",reference,false,outside the bounded core/ancillary freeze
https://www.randomservices.org/random/biographies/Lagrange.html,http://www.maa.org/publications/periodicals/convergence,reference,false,outside the bounded core/ancillary freeze
https://www.randomservices.org/random/biographies/Lagrange.html,https://mathshistory.st-andrews.ac.uk/,reference,false,outside the bounded core/ancillary freeze
https://www.randomservices.org/random/biographies/Lagrange.html,https://www.randomservices.org/random/Basic.js,asset,true,
https://www.randomservices.org/random/biographies/Lagrange.html,https://www.randomservices.org/random/Screen.css,asset,true,
https://www.randomservices.org/random/biographies/Lagrange.html,https://www.randomservices.org/random/biographies/Euler.html,reference,false,outside the bounded core/ancillary freeze
https://www.randomservices.org/random/biographies/Lagrange.html,https://www.randomservices.org/random/biographies/Lagrange.png,asset,true,
https://www.randomservices.org/random/biographies/Lagrange.html,https://www.randomservices.org/random/biographies/index.html,reference,false,outside the bounded core/ancillary freeze
https://www.randomservices.org/random/biographies/Lagrange.html,https://www.randomservices.org/random/icons/Icon.svg,asset,true,
https://www.randomservices.org/random/biographies/Michelson.html,http://en.wikipedia.org/wiki/Albert_Michelson,reference,false,outside the bounded core/ancillary freeze
https://www.randomservices.org/random/biographies/Michelson.html,http://www.biography.com,reference,false,outside the bounded core/ancillary freeze
https://www.randomservices.org/random/biographies/Michelson.html,"http://www.google.com/search?q=Studies+in+Optics,+Michelson",reference,false,outside the bounded core/ancillary freeze
https://www.randomservices.org/random/biographies/Michelson.html,"http://www.google.com/search?q=The+Velocity+of+Light,+Michelson",reference,false,outside the bounded core/ancillary freeze
https://www.randomservices.org/random/biographies/Michelson.html,https://www.randomservices.org/random/Basic.js,asset,true,
https://www.randomservices.org/random/biographies/Michelson.html,https://www.randomservices.org/random/Screen.css,asset,true,
https://www.randomservices.org/random/biographies/Michelson.html,https://www.randomservices.org/random/biographies/Michelson.png,asset,true,
https://www.randomservices.org/random/biographies/Michelson.html,https://www.randomservices.org/random/biographies/index.html,reference,false,outside the bounded core/ancillary freeze
https://www.randomservices.org/random/biographies/Michelson.html,https://www.randomservices.org/random/icons/Icon.svg,asset,true,
https://www.randomservices.org/random/biographies/Neyman.html,http://www.maa.org/publications/periodicals/convergence,reference,false,outside the bounded core/ancillary freeze
https://www.randomservices.org/random/biographies/Neyman.html,https://mathshistory.st-andrews.ac.uk/,reference,false,outside the bounded core/ancillary freeze
https://www.randomservices.org/random/biographies/Neyman.html,https://www.randomservices.org/random/Basic.js,asset,true,
https://www.randomservices.org/random/biographies/Neyman.html,https://www.randomservices.org/random/Screen.css,asset,true,
https://www.randomservices.org/random/biographies/Neyman.html,https://www.randomservices.org/random/biographies/Neyman.png,asset,true,
https://www.randomservices.org/random/biographies/Neyman.html,https://www.randomservices.org/random/biographies/PearsonE.html,reference,false,outside the bounded core/ancillary freeze
https://www.randomservices.org/random/biographies/Neyman.html,https://www.randomservices.org/random/biographies/index.html,reference,false,outside the bounded core/ancillary freeze
https://www.randomservices.org/random/biographies/Neyman.html,https://www.randomservices.org/random/icons/Icon.svg,asset,true,
https://www.randomservices.org/random/biographies/Pareto.html,http://en.wikipedia.org/wiki/Vilfredo_Pareto,reference,false,outside the bounded core/ancillary freeze
https://www.randomservices.org/random/biographies/Pareto.html,http://www.google.com/search?q=Trattato+di+Sociological+Generale,reference,false,outside the bounded core/ancillary freeze
https://www.randomservices.org/random/biographies/Pareto.html,https://mathshistory.st-andrews.ac.uk/,reference,false,outside the bounded core/ancillary freeze
https://www.randomservices.org/random/biographies/Pareto.html,https://www.randomservices.org/random/Basic.js,asset,true,
https://www.randomservices.org/random/biographies/Pareto.html,https://www.randomservices.org/random/Screen.css,asset,true,
https://www.randomservices.org/random/biographies/Pareto.html,https://www.randomservices.org/random/biographies/Pareto.png,asset,true,
https://www.randomservices.org/random/biographies/Pareto.html,https://www.randomservices.org/random/biographies/index.html,reference,false,outside the bounded core/ancillary freeze
https://www.randomservices.org/random/biographies/Pareto.html,https://www.randomservices.org/random/icons/Icon.svg,asset,true,
https://www.randomservices.org/random/biographies/PearsonE.html,https://mathshistory.st-andrews.ac.uk/,reference,false,outside the bounded core/ancillary freeze
https://www.randomservices.org/random/biographies/PearsonE.html,https://www.randomservices.org/random/Basic.js,asset,true,
https://www.randomservices.org/random/biographies/PearsonE.html,https://www.randomservices.org/random/Screen.css,asset,true,
https://www.randomservices.org/random/biographies/PearsonE.html,https://www.randomservices.org/random/biographies/Fisher.html,reference,false,outside the bounded core/ancillary freeze
https://www.randomservices.org/random/biographies/PearsonE.html,https://www.randomservices.org/random/biographies/Gosset.html,reference,false,outside the bounded core/ancillary freeze
https://www.randomservices.org/random/biographies/PearsonE.html,https://www.randomservices.org/random/biographies/Neyman.html,reference,false,outside the bounded core/ancillary freeze
https://www.randomservices.org/random/biographies/PearsonE.html,https://www.randomservices.org/random/biographies/PearsonK.html,reference,false,outside the bounded core/ancillary freeze
https://www.randomservices.org/random/biographies/PearsonE.html,https://www.randomservices.org/random/biographies/index.html,reference,false,outside the bounded core/ancillary freeze
https://www.randomservices.org/random/biographies/PearsonE.html,https://www.randomservices.org/random/icons/Icon.svg,asset,true,
https://www.randomservices.org/random/biographies/PearsonK.html,http://www.maa.org/publications/periodicals/convergence,reference,false,outside the bounded core/ancillary freeze
https://www.randomservices.org/random/biographies/PearsonK.html,https://mathshistory.st-andrews.ac.uk/,reference,false,outside the bounded core/ancillary freeze
https://www.randomservices.org/random/biographies/PearsonK.html,https://www.randomservices.org/random/Basic.js,asset,true,
https://www.randomservices.org/random/biographies/PearsonK.html,https://www.randomservices.org/random/Screen.css,asset,true,
https://www.randomservices.org/random/biographies/PearsonK.html,https://www.randomservices.org/random/biographies/Galton.html,reference,false,outside the bounded core/ancillary freeze
https://www.randomservices.org/random/biographies/PearsonK.html,https://www.randomservices.org/random/biographies/Neyman.html,reference,false,outside the bounded core/ancillary freeze
https://www.randomservices.org/random/biographies/PearsonK.html,https://www.randomservices.org/random/biographies/Pearson.png,asset,true,
https://www.randomservices.org/random/biographies/PearsonK.html,https://www.randomservices.org/random/biographies/PearsonE.html,reference,false,outside the bounded core/ancillary freeze
https://www.randomservices.org/random/biographies/PearsonK.html,https://www.randomservices.org/random/biographies/fisher.html,reference,false,outside the bounded core/ancillary freeze
https://www.randomservices.org/random/biographies/PearsonK.html,https://www.randomservices.org/random/biographies/index.html,reference,false,outside the bounded core/ancillary freeze
https://www.randomservices.org/random/biographies/PearsonK.html,https://www.randomservices.org/random/icons/Icon.svg,asset,true,
https://www.randomservices.org/random/biographies/Poisson.html,"http://www.google.com/search?q=Recherches+sur+la+probabilité+des+jugements,+Poisson",reference,false,outside the bounded core/ancillary freeze
https://www.randomservices.org/random/biographies/Poisson.html,http://www.maa.org/publications/periodicals/convergence,reference,false,outside the bounded core/ancillary freeze
https://www.randomservices.org/random/biographies/Poisson.html,https://mathshistory.st-andrews.ac.uk/,reference,false,outside the bounded core/ancillary freeze
https://www.randomservices.org/random/biographies/Poisson.html,https://www.randomservices.org/random/Basic.js,asset,true,
https://www.randomservices.org/random/biographies/Poisson.html,https://www.randomservices.org/random/Screen.css,asset,true,
https://www.randomservices.org/random/biographies/Poisson.html,https://www.randomservices.org/random/biographies/Lagrange.html,reference,false,outside the bounded core/ancillary freeze
https://www.randomservices.org/random/biographies/Poisson.html,https://www.randomservices.org/random/biographies/Laplace.html,reference,false,outside the bounded core/ancillary freeze
https://www.randomservices.org/random/biographies/Poisson.html,https://www.randomservices.org/random/biographies/Poisson.png,asset,true,
https://www.randomservices.org/random/biographies/Poisson.html,https://www.randomservices.org/random/biographies/index.html,reference,false,outside the bounded core/ancillary freeze
https://www.randomservices.org/random/biographies/Poisson.html,https://www.randomservices.org/random/icons/Icon.svg,asset,true,
https://www.randomservices.org/random/biographies/Polya.html,http://en.wikipedia.org/wiki/George_Polya,reference,false,outside the bounded core/ancillary freeze
https://www.randomservices.org/random/biographies/Polya.html,"http://www.google.com/search?q=How+to+Solve+It,+Pólya",reference,false,outside the bounded core/ancillary freeze
https://www.randomservices.org/random/biographies/Polya.html,"http://www.google.com/search?q=Inequalities,+Hardy,+Littlewood,+Pólya",reference,false,outside the bounded core/ancillary freeze
https://www.randomservices.org/random/biographies/Polya.html,https://mathshistory.st-andrews.ac.uk/,reference,false,outside the bounded core/ancillary freeze
https://www.randomservices.org/random/biographies/Polya.html,https://www.randomservices.org/random/Basic.js,asset,true,
https://www.randomservices.org/random/biographies/Polya.html,https://www.randomservices.org/random/Screen.css,asset,true,
https://www.randomservices.org/random/biographies/Polya.html,https://www.randomservices.org/random/biographies/Hardy.html,reference,false,outside the bounded core/ancillary freeze
https://www.randomservices.org/random/biographies/Polya.html,https://www.randomservices.org/random/biographies/Polya.png,asset,true,
https://www.randomservices.org/random/biographies/Polya.html,https://www.randomservices.org/random/biographies/index.html,reference,false,outside the bounded core/ancillary freeze
https://www.randomservices.org/random/biographies/Polya.html,https://www.randomservices.org/random/icons/Icon.svg,asset,true,
https://www.randomservices.org/random/biographies/Rao.html,http://www.amstat.org/,reference,false,outside the bounded core/ancillary freeze
https://www.randomservices.org/random/biographies/Rao.html,http://www.stat.psu.edu/,reference,false,outside the bounded core/ancillary freeze
https://www.randomservices.org/random/biographies/Rao.html,https://www.randomservices.org/random/Basic.js,asset,true,
https://www.randomservices.org/random/biographies/Rao.html,https://www.randomservices.org/random/Screen.css,asset,true,
https://www.randomservices.org/random/biographies/Rao.html,https://www.randomservices.org/random/biographies/index.html,reference,false,outside the bounded core/ancillary freeze
https://www.randomservices.org/random/biographies/Rao.html,https://www.randomservices.org/random/icons/Icon.svg,asset,true,
https://www.randomservices.org/random/biographies/Salk.html,http://en.wikipedia.org/wiki/Jonas_Salk,reference,false,outside the bounded core/ancillary freeze
https://www.randomservices.org/random/biographies/Salk.html,http://www.biography.com,reference,false,outside the bounded core/ancillary freeze
https://www.randomservices.org/random/biographies/Salk.html,http://www.pbs.org,reference,false,outside the bounded core/ancillary freeze
https://www.randomservices.org/random/biographies/Salk.html,https://www.randomservices.org/random/Basic.js,asset,true,
https://www.randomservices.org/random/biographies/Salk.html,https://www.randomservices.org/random/Screen.css,asset,true,
https://www.randomservices.org/random/biographies/Salk.html,https://www.randomservices.org/random/biographies/Salk.png,asset,true,
https://www.randomservices.org/random/biographies/Salk.html,https://www.randomservices.org/random/biographies/index.html,reference,false,outside the bounded core/ancillary freeze
https://www.randomservices.org/random/biographies/Salk.html,https://www.randomservices.org/random/icons/Icon.svg,asset,true,
https://www.randomservices.org/random/biographies/Scheffe.html,http://www.maa.org/publications/periodicals/convergence,reference,false,outside the bounded core/ancillary freeze
https://www.randomservices.org/random/biographies/Scheffe.html,https://mathshistory.st-andrews.ac.uk/,reference,false,outside the bounded core/ancillary freeze
https://www.randomservices.org/random/biographies/Scheffe.html,https://www.randomservices.org/random/Basic.js,asset,true,
https://www.randomservices.org/random/biographies/Scheffe.html,https://www.randomservices.org/random/Screen.css,asset,true,
https://www.randomservices.org/random/biographies/Scheffe.html,https://www.randomservices.org/random/biographies/Scheffe.png,asset,true,
https://www.randomservices.org/random/biographies/Scheffe.html,https://www.randomservices.org/random/biographies/index.html,reference,false,outside the bounded core/ancillary freeze
https://www.randomservices.org/random/biographies/Scheffe.html,https://www.randomservices.org/random/icons/Icon.svg,asset,true,
https://www.randomservices.org/random/biographies/Short.html,http://www.captaincooksociety.com/,reference,false,outside the bounded core/ancillary freeze
https://www.randomservices.org/random/biographies/Short.html,https://www.randomservices.org/random/Basic.js,asset,true,
https://www.randomservices.org/random/biographies/Short.html,https://www.randomservices.org/random/Screen.css,asset,true,
https://www.randomservices.org/random/biographies/Short.html,https://www.randomservices.org/random/biographies/index.html,reference,false,outside the bounded core/ancillary freeze
https://www.randomservices.org/random/biographies/Short.html,https://www.randomservices.org/random/icons/Icon.svg,asset,true,
https://www.randomservices.org/random/biographies/Snow.html,http://en.wikipedia.org/wiki/John_Snow_%28physician%29,reference,false,outside the bounded core/ancillary freeze
https://www.randomservices.org/random/biographies/Snow.html,https://www.randomservices.org/random/Basic.js,asset,true,
https://www.randomservices.org/random/biographies/Snow.html,https://www.randomservices.org/random/Screen.css,asset,true,
https://www.randomservices.org/random/biographies/Snow.html,https://www.randomservices.org/random/biographies/Snow.png,asset,true,
https://www.randomservices.org/random/biographies/Snow.html,https://www.randomservices.org/random/biographies/index.html,reference,false,outside the bounded core/ancillary freeze
https://www.randomservices.org/random/biographies/Snow.html,https://www.randomservices.org/random/icons/Icon.svg,asset,true,
https://www.randomservices.org/random/biographies/Taylor.html,"http://www.google.com/search?q=Linear+Perspective,+Taylor",reference,false,outside the bounded core/ancillary freeze
https://www.randomservices.org/random/biographies/Taylor.html,"http://www.google.com/search?q=Methodus+incrementorum+direct+et+inversa,+Taylor",reference,false,outside the bounded core/ancillary freeze
https://www.randomservices.org/random/biographies/Taylor.html,http://www.maa.org/publications/periodicals/convergence,reference,false,outside the bounded core/ancillary freeze
https://www.randomservices.org/random/biographies/Taylor.html,https://mathshistory.st-andrews.ac.uk/,reference,false,outside the bounded core/ancillary freeze
https://www.randomservices.org/random/biographies/Taylor.html,https://www.randomservices.org/random/Basic.js,asset,true,
https://www.randomservices.org/random/biographies/Taylor.html,https://www.randomservices.org/random/Screen.css,asset,true,
https://www.randomservices.org/random/biographies/Taylor.html,https://www.randomservices.org/random/biographies/DeMoivre.html,reference,false,outside the bounded core/ancillary freeze
https://www.randomservices.org/random/biographies/Taylor.html,https://www.randomservices.org/random/biographies/Montmort.html,reference,false,outside the bounded core/ancillary freeze
https://www.randomservices.org/random/biographies/Taylor.html,https://www.randomservices.org/random/biographies/Taylor.png,asset,true,
https://www.randomservices.org/random/biographies/Taylor.html,https://www.randomservices.org/random/biographies/index.html,reference,false,outside the bounded core/ancillary freeze
https://www.randomservices.org/random/biographies/Taylor.html,https://www.randomservices.org/random/icons/Icon.svg,asset,true,
https://www.randomservices.org/random/biographies/Tukey.html,http://en.wikipedia.org/wiki/John_Tukey,reference,false,outside the bounded core/ancillary freeze
https://www.randomservices.org/random/biographies/Tukey.html,https://mathshistory.st-andrews.ac.uk/,reference,false,outside the bounded core/ancillary freeze
https://www.randomservices.org/random/biographies/Tukey.html,https://www.randomservices.org/random/Basic.js,asset,true,
https://www.randomservices.org/random/biographies/Tukey.html,https://www.randomservices.org/random/Screen.css,asset,true,
https://www.randomservices.org/random/biographies/Tukey.html,https://www.randomservices.org/random/biographies/Tukey.png,asset,true,
https://www.randomservices.org/random/biographies/Tukey.html,https://www.randomservices.org/random/biographies/index.html,reference,false,outside the bounded core/ancillary freeze
https://www.randomservices.org/random/biographies/Tukey.html,https://www.randomservices.org/random/icons/Icon.svg,asset,true,
https://www.randomservices.org/random/biographies/Wald.html,http://www.maa.org/publications/periodicals/convergence,reference,false,outside the bounded core/ancillary freeze
https://www.randomservices.org/random/biographies/Wald.html,http://www.stat.berkeley.edu/,reference,false,outside the bounded core/ancillary freeze
https://www.randomservices.org/random/biographies/Wald.html,https://www.randomservices.org/random/Basic.js,asset,true,
https://www.randomservices.org/random/biographies/Wald.html,https://www.randomservices.org/random/Screen.css,asset,true,
https://www.randomservices.org/random/biographies/Wald.html,https://www.randomservices.org/random/biographies/Wald.png,asset,true,
https://www.randomservices.org/random/biographies/Wald.html,https://www.randomservices.org/random/biographies/index.html,reference,false,outside the bounded core/ancillary freeze
https://www.randomservices.org/random/biographies/Wald.html,https://www.randomservices.org/random/icons/Icon.svg,asset,true,
https://www.randomservices.org/random/biographies/index.html,http://en.wikipedia.org/wiki/,reference,false,outside the bounded core/ancillary freeze
https://www.randomservices.org/random/biographies/index.html,http://www.biography.com,reference,false,outside the bounded core/ancillary freeze
https://www.randomservices.org/random/biographies/index.html,"http://www.google.com/search?q=An+Introduction+to+the+History+of+Mathematics,+Eves",reference,false,outside the bounded core/ancillary freeze
https://www.randomservices.org/random/biographies/index.html,"http://www.google.com/search?q=Games,Gods,+and+Gambling,+David",reference,false,outside the bounded core/ancillary freeze
https://www.randomservices.org/random/biographies/index.html,"http://www.google.com/search?q=History+of+Mathematics,+Smith",reference,false,outside the bounded core/ancillary freeze
https://www.randomservices.org/random/biographies/index.html,http://www.maa.org/publications/periodicals/convergence,reference,false,outside the bounded core/ancillary freeze
https://www.randomservices.org/random/biographies/index.html,https://mathshistory.st-andrews.ac.uk/,reference,false,outside the bounded core/ancillary freeze
https://www.randomservices.org/random/biographies/index.html,https://www.randomservices.org/random/Basic.js,asset,true,
https://www.randomservices.org/random/biographies/index.html,https://www.randomservices.org/random/Screen.css,asset,true,
https://www.randomservices.org/random/biographies/index.html,https://www.randomservices.org/random/biographies/Agnesi.html,reference,false,outside the bounded core/ancillary freeze
https://www.randomservices.org/random/biographies/index.html,https://www.randomservices.org/random/biographies/Airy.html,reference,false,outside the bounded core/ancillary freeze
https://www.randomservices.org/random/biographies/index.html,https://www.randomservices.org/random/biographies/Banach.html,reference,false,outside the bounded core/ancillary freeze
https://www.randomservices.org/random/biographies/index.html,https://www.randomservices.org/random/biographies/Bayes.html,reference,false,outside the bounded core/ancillary freeze
https://www.randomservices.org/random/biographies/index.html,https://www.randomservices.org/random/biographies/Benford.html,reference,false,outside the bounded core/ancillary freeze
https://www.randomservices.org/random/biographies/index.html,https://www.randomservices.org/random/biographies/Bernoulli.html,reference,false,outside the bounded core/ancillary freeze
https://www.randomservices.org/random/biographies/index.html,https://www.randomservices.org/random/biographies/BernsteinF.html,reference,false,outside the bounded core/ancillary freeze
https://www.randomservices.org/random/biographies/index.html,https://www.randomservices.org/random/biographies/BernsteinS.html,reference,false,outside the bounded core/ancillary freeze
https://www.randomservices.org/random/biographies/index.html,https://www.randomservices.org/random/biographies/Bertrand.html,reference,false,outside the bounded core/ancillary freeze
https://www.randomservices.org/random/biographies/index.html,https://www.randomservices.org/random/biographies/Blackwell.html,reference,false,outside the bounded core/ancillary freeze
https://www.randomservices.org/random/biographies/index.html,https://www.randomservices.org/random/biographies/Bonferroni.html,reference,false,outside the bounded core/ancillary freeze
https://www.randomservices.org/random/biographies/index.html,https://www.randomservices.org/random/biographies/Boole.html,reference,false,outside the bounded core/ancillary freeze
https://www.randomservices.org/random/biographies/index.html,https://www.randomservices.org/random/biographies/Borel.html,reference,false,outside the bounded core/ancillary freeze
https://www.randomservices.org/random/biographies/index.html,https://www.randomservices.org/random/biographies/Brown.html,reference,false,outside the bounded core/ancillary freeze
https://www.randomservices.org/random/biographies/index.html,https://www.randomservices.org/random/biographies/Buffon.html,reference,false,outside the bounded core/ancillary freeze
https://www.randomservices.org/random/biographies/index.html,https://www.randomservices.org/random/biographies/Cantelli.html,reference,false,outside the bounded core/ancillary freeze
https://www.randomservices.org/random/biographies/index.html,https://www.randomservices.org/random/biographies/Caratheodory.html,reference,false,outside the bounded core/ancillary freeze
https://www.randomservices.org/random/biographies/index.html,https://www.randomservices.org/random/biographies/Cardano.html,reference,false,outside the bounded core/ancillary freeze
https://www.randomservices.org/random/biographies/index.html,https://www.randomservices.org/random/biographies/Cauchy.html,reference,false,outside the bounded core/ancillary freeze
https://www.randomservices.org/random/biographies/index.html,https://www.randomservices.org/random/biographies/Cavalieri.html,reference,false,outside the bounded core/ancillary freeze
https://www.randomservices.org/random/biographies/index.html,https://www.randomservices.org/random/biographies/Cavendish.html,reference,false,outside the bounded core/ancillary freeze
https://www.randomservices.org/random/biographies/index.html,https://www.randomservices.org/random/biographies/Chapman.html,reference,false,outside the bounded core/ancillary freeze
https://www.randomservices.org/random/biographies/index.html,https://www.randomservices.org/random/biographies/Chebyshev.html,reference,false,outside the bounded core/ancillary freeze
https://www.randomservices.org/random/biographies/index.html,https://www.randomservices.org/random/biographies/Clemens.html,reference,false,outside the bounded core/ancillary freeze
https://www.randomservices.org/random/biographies/index.html,https://www.randomservices.org/random/biographies/Coleridge.html,reference,false,outside the bounded core/ancillary freeze
https://www.randomservices.org/random/biographies/index.html,https://www.randomservices.org/random/biographies/Cramer.html,reference,false,outside the bounded core/ancillary freeze
https://www.randomservices.org/random/biographies/index.html,https://www.randomservices.org/random/biographies/DeFinetti.html,reference,false,outside the bounded core/ancillary freeze
https://www.randomservices.org/random/biographies/index.html,https://www.randomservices.org/random/biographies/DeMere.html,reference,false,outside the bounded core/ancillary freeze
https://www.randomservices.org/random/biographies/index.html,https://www.randomservices.org/random/biographies/DeMoivre.html,reference,false,outside the bounded core/ancillary freeze
https://www.randomservices.org/random/biographies/index.html,https://www.randomservices.org/random/biographies/DeMorgan.html,reference,false,outside the bounded core/ancillary freeze
https://www.randomservices.org/random/biographies/index.html,https://www.randomservices.org/random/biographies/Descartes.html,reference,false,outside the bounded core/ancillary freeze
https://www.randomservices.org/random/biographies/index.html,https://www.randomservices.org/random/biographies/Diaconis.html,reference,false,outside the bounded core/ancillary freeze
https://www.randomservices.org/random/biographies/index.html,https://www.randomservices.org/random/biographies/Doob.html,reference,false,outside the bounded core/ancillary freeze
https://www.randomservices.org/random/biographies/index.html,https://www.randomservices.org/random/biographies/Doyle.html,reference,false,outside the bounded core/ancillary freeze
https://www.randomservices.org/random/biographies/index.html,https://www.randomservices.org/random/biographies/Dynkin.html,reference,false,outside the bounded core/ancillary freeze
https://www.randomservices.org/random/biographies/index.html,https://www.randomservices.org/random/biographies/Ehrenfest.html,reference,false,outside the bounded core/ancillary freeze
https://www.randomservices.org/random/biographies/index.html,https://www.randomservices.org/random/biographies/Einstein.html,reference,false,outside the bounded core/ancillary freeze
https://www.randomservices.org/random/biographies/index.html,https://www.randomservices.org/random/biographies/Erlang.html,reference,false,outside the bounded core/ancillary freeze
https://www.randomservices.org/random/biographies/index.html,https://www.randomservices.org/random/biographies/Euclid.html,reference,false,outside the bounded core/ancillary freeze
https://www.randomservices.org/random/biographies/index.html,https://www.randomservices.org/random/biographies/Euler.html,reference,false,outside the bounded core/ancillary freeze
https://www.randomservices.org/random/biographies/index.html,https://www.randomservices.org/random/biographies/Fatou.html,reference,false,outside the bounded core/ancillary freeze
https://www.randomservices.org/random/biographies/index.html,https://www.randomservices.org/random/biographies/Fermat.html,reference,false,outside the bounded core/ancillary freeze
https://www.randomservices.org/random/biographies/index.html,https://www.randomservices.org/random/biographies/Fields.html,reference,false,outside the bounded core/ancillary freeze
https://www.randomservices.org/random/biographies/index.html,https://www.randomservices.org/random/biographies/Fisher.html,reference,false,outside the bounded core/ancillary freeze
https://www.randomservices.org/random/biographies/index.html,https://www.randomservices.org/random/biographies/Fourier.html,reference,false,outside the bounded core/ancillary freeze
https://www.randomservices.org/random/biographies/index.html,https://www.randomservices.org/random/biographies/Fubini.html,reference,false,outside the bounded core/ancillary freeze
https://www.randomservices.org/random/biographies/index.html,https://www.randomservices.org/random/biographies/Galton.html,reference,false,outside the bounded core/ancillary freeze
https://www.randomservices.org/random/biographies/index.html,https://www.randomservices.org/random/biographies/Gauss.html,reference,false,outside the bounded core/ancillary freeze
https://www.randomservices.org/random/biographies/index.html,https://www.randomservices.org/random/biographies/Gosset.html,reference,false,outside the bounded core/ancillary freeze
https://www.randomservices.org/random/biographies/index.html,https://www.randomservices.org/random/biographies/Gumbel.html,reference,false,outside the bounded core/ancillary freeze
https://www.randomservices.org/random/biographies/index.html,https://www.randomservices.org/random/biographies/Hahn.html,reference,false,outside the bounded core/ancillary freeze
https://www.randomservices.org/random/biographies/index.html,https://www.randomservices.org/random/biographies/Hall.html,reference,false,outside the bounded core/ancillary freeze
https://www.randomservices.org/random/biographies/index.html,https://www.randomservices.org/random/biographies/Hardy.html,reference,false,outside the bounded core/ancillary freeze
https://www.randomservices.org/random/biographies/index.html,https://www.randomservices.org/random/biographies/Hasse.html,reference,false,outside the bounded core/ancillary freeze
https://www.randomservices.org/random/biographies/index.html,https://www.randomservices.org/random/biographies/Hilbert.html,reference,false,outside the bounded core/ancillary freeze
https://www.randomservices.org/random/biographies/index.html,https://www.randomservices.org/random/biographies/Holder.html,reference,false,outside the bounded core/ancillary freeze
https://www.randomservices.org/random/biographies/index.html,https://www.randomservices.org/random/biographies/Hutchins.html,reference,false,outside the bounded core/ancillary freeze
https://www.randomservices.org/random/biographies/index.html,https://www.randomservices.org/random/biographies/Ito.html,reference,false,outside the bounded core/ancillary freeze
https://www.randomservices.org/random/biographies/index.html,https://www.randomservices.org/random/biographies/Jacobi.html,reference,false,outside the bounded core/ancillary freeze
https://www.randomservices.org/random/biographies/index.html,https://www.randomservices.org/random/biographies/James.html,reference,false,outside the bounded core/ancillary freeze
https://www.randomservices.org/random/biographies/index.html,https://www.randomservices.org/random/biographies/Jensen.html,reference,false,outside the bounded core/ancillary freeze
https://www.randomservices.org/random/biographies/index.html,https://www.randomservices.org/random/biographies/Jordan.html,reference,false,outside the bounded core/ancillary freeze
https://www.randomservices.org/random/biographies/index.html,https://www.randomservices.org/random/biographies/Kolmogorov.html,reference,false,outside the bounded core/ancillary freeze
https://www.randomservices.org/random/biographies/index.html,https://www.randomservices.org/random/biographies/Kuratowski.html,reference,false,outside the bounded core/ancillary freeze
https://www.randomservices.org/random/biographies/index.html,https://www.randomservices.org/random/biographies/Lagrange.html,reference,false,outside the bounded core/ancillary freeze
https://www.randomservices.org/random/biographies/index.html,https://www.randomservices.org/random/biographies/Laplace.html,reference,false,outside the bounded core/ancillary freeze
https://www.randomservices.org/random/biographies/index.html,https://www.randomservices.org/random/biographies/Lebesgue.html,reference,false,outside the bounded core/ancillary freeze
https://www.randomservices.org/random/biographies/index.html,https://www.randomservices.org/random/biographies/Lehmann.html,reference,false,outside the bounded core/ancillary freeze
https://www.randomservices.org/random/biographies/index.html,https://www.randomservices.org/random/biographies/Leonardo.html,reference,false,outside the bounded core/ancillary freeze
https://www.randomservices.org/random/biographies/index.html,https://www.randomservices.org/random/biographies/Levy.html,reference,false,outside the bounded core/ancillary freeze
https://www.randomservices.org/random/biographies/index.html,https://www.randomservices.org/random/biographies/Lyapunov.html,reference,false,outside the bounded core/ancillary freeze
https://www.randomservices.org/random/biographies/index.html,https://www.randomservices.org/random/biographies/Markov.html,reference,false,outside the bounded core/ancillary freeze
https://www.randomservices.org/random/biographies/index.html,https://www.randomservices.org/random/biographies/Mendel.html,reference,false,outside the bounded core/ancillary freeze
https://www.randomservices.org/random/biographies/index.html,https://www.randomservices.org/random/biographies/Michelson.html,reference,false,outside the bounded core/ancillary freeze
https://www.randomservices.org/random/biographies/index.html,https://www.randomservices.org/random/biographies/Minkowski.html,reference,false,outside the bounded core/ancillary freeze
https://www.randomservices.org/random/biographies/index.html,https://www.randomservices.org/random/biographies/Montmort.html,reference,false,outside the bounded core/ancillary freeze
https://www.randomservices.org/random/biographies/index.html,https://www.randomservices.org/random/biographies/Newcomb.html,reference,false,outside the bounded core/ancillary freeze
https://www.randomservices.org/random/biographies/index.html,https://www.randomservices.org/random/biographies/Newton.html,reference,false,outside the bounded core/ancillary freeze
https://www.randomservices.org/random/biographies/index.html,https://www.randomservices.org/random/biographies/Neyman.html,reference,false,outside the bounded core/ancillary freeze
https://www.randomservices.org/random/biographies/index.html,https://www.randomservices.org/random/biographies/Nikodym.html,reference,false,outside the bounded core/ancillary freeze
https://www.randomservices.org/random/biographies/index.html,https://www.randomservices.org/random/biographies/Ockham.html,reference,false,outside the bounded core/ancillary freeze
https://www.randomservices.org/random/biographies/index.html,https://www.randomservices.org/random/biographies/Pareto.html,reference,false,outside the bounded core/ancillary freeze
https://www.randomservices.org/random/biographies/index.html,https://www.randomservices.org/random/biographies/Pascal.html,reference,false,outside the bounded core/ancillary freeze
https://www.randomservices.org/random/biographies/index.html,https://www.randomservices.org/random/biographies/PearsonE.html,reference,false,outside the bounded core/ancillary freeze
https://www.randomservices.org/random/biographies/index.html,https://www.randomservices.org/random/biographies/PearsonK.html,reference,false,outside the bounded core/ancillary freeze
https://www.randomservices.org/random/biographies/index.html,https://www.randomservices.org/random/biographies/Pepys.html,reference,false,outside the bounded core/ancillary freeze
https://www.randomservices.org/random/biographies/index.html,https://www.randomservices.org/random/biographies/Petronius.html,reference,false,outside the bounded core/ancillary freeze
https://www.randomservices.org/random/biographies/index.html,https://www.randomservices.org/random/biographies/Plato.html,reference,false,outside the bounded core/ancillary freeze
https://www.randomservices.org/random/biographies/index.html,https://www.randomservices.org/random/biographies/Poincare.html,reference,false,outside the bounded core/ancillary freeze
https://www.randomservices.org/random/biographies/index.html,https://www.randomservices.org/random/biographies/Poisson.html,reference,false,outside the bounded core/ancillary freeze
https://www.randomservices.org/random/biographies/index.html,https://www.randomservices.org/random/biographies/Polya.html,reference,false,outside the bounded core/ancillary freeze
https://www.randomservices.org/random/biographies/index.html,https://www.randomservices.org/random/biographies/Pythagoras.html,reference,false,outside the bounded core/ancillary freeze
https://www.randomservices.org/random/biographies/index.html,https://www.randomservices.org/random/biographies/Quetelet.html,reference,false,outside the bounded core/ancillary freeze
https://www.randomservices.org/random/biographies/index.html,https://www.randomservices.org/random/biographies/Radon.html,reference,false,outside the bounded core/ancillary freeze
https://www.randomservices.org/random/biographies/index.html,https://www.randomservices.org/random/biographies/Rao.html,reference,false,outside the bounded core/ancillary freeze
https://www.randomservices.org/random/biographies/index.html,https://www.randomservices.org/random/biographies/Rayleigh.html,reference,false,outside the bounded core/ancillary freeze
https://www.randomservices.org/random/biographies/index.html,https://www.randomservices.org/random/biographies/Riemann.html,reference,false,outside the bounded core/ancillary freeze
https://www.randomservices.org/random/biographies/index.html,https://www.randomservices.org/random/biographies/Russell.html,reference,false,outside the bounded core/ancillary freeze
https://www.randomservices.org/random/biographies/index.html,https://www.randomservices.org/random/biographies/Salk.html,reference,false,outside the bounded core/ancillary freeze
https://www.randomservices.org/random/biographies/index.html,https://www.randomservices.org/random/biographies/Scheffe.html,reference,false,outside the bounded core/ancillary freeze
https://www.randomservices.org/random/biographies/index.html,https://www.randomservices.org/random/biographies/Schroder.html,reference,false,outside the bounded core/ancillary freeze
https://www.randomservices.org/random/biographies/index.html,https://www.randomservices.org/random/biographies/Schwarz.html,reference,false,outside the bounded core/ancillary freeze
https://www.randomservices.org/random/biographies/index.html,https://www.randomservices.org/random/biographies/Short.html,reference,false,outside the bounded core/ancillary freeze
https://www.randomservices.org/random/biographies/index.html,https://www.randomservices.org/random/biographies/Snedecor.html,reference,false,outside the bounded core/ancillary freeze
https://www.randomservices.org/random/biographies/index.html,https://www.randomservices.org/random/biographies/Snow.html,reference,false,outside the bounded core/ancillary freeze
https://www.randomservices.org/random/biographies/index.html,https://www.randomservices.org/random/biographies/Stieltjes.html,reference,false,outside the bounded core/ancillary freeze
https://www.randomservices.org/random/biographies/index.html,https://www.randomservices.org/random/biographies/Stirling.html,reference,false,outside the bounded core/ancillary freeze
https://www.randomservices.org/random/biographies/index.html,https://www.randomservices.org/random/biographies/Taylor.html,reference,false,outside the bounded core/ancillary freeze
https://www.randomservices.org/random/biographies/index.html,https://www.randomservices.org/random/biographies/Todhunter.html,reference,false,outside the bounded core/ancillary freeze
https://www.randomservices.org/random/biographies/index.html,https://www.randomservices.org/random/biographies/Tonelli.html,reference,false,outside the bounded core/ancillary freeze
https://www.randomservices.org/random/biographies/index.html,https://www.randomservices.org/random/biographies/Tukey.html,reference,false,outside the bounded core/ancillary freeze
https://www.randomservices.org/random/biographies/index.html,https://www.randomservices.org/random/biographies/Ulam.html,reference,false,outside the bounded core/ancillary freeze
https://www.randomservices.org/random/biographies/index.html,https://www.randomservices.org/random/biographies/Venn.html,reference,false,outside the bounded core/ancillary freeze
https://www.randomservices.org/random/biographies/index.html,https://www.randomservices.org/random/biographies/VonMises.html,reference,false,outside the bounded core/ancillary freeze
https://www.randomservices.org/random/biographies/index.html,https://www.randomservices.org/random/biographies/VosSavant.html,reference,false,outside the bounded core/ancillary freeze
https://www.randomservices.org/random/biographies/index.html,https://www.randomservices.org/random/biographies/Wald.html,reference,false,outside the bounded core/ancillary freeze
https://www.randomservices.org/random/biographies/index.html,https://www.randomservices.org/random/biographies/Weibull.html,reference,false,outside the bounded core/ancillary freeze
https://www.randomservices.org/random/biographies/index.html,https://www.randomservices.org/random/biographies/Weierstrass.html,reference,false,outside the bounded core/ancillary freeze
https://www.randomservices.org/random/biographies/index.html,https://www.randomservices.org/random/biographies/Wheatstone.html,reference,false,outside the bounded core/ancillary freeze
https://www.randomservices.org/random/biographies/index.html,https://www.randomservices.org/random/biographies/Wiener.html,reference,false,outside the bounded core/ancillary freeze
https://www.randomservices.org/random/biographies/index.html,https://www.randomservices.org/random/biographies/Xenocrates.html,reference,false,outside the bounded core/ancillary freeze
https://www.randomservices.org/random/biographies/index.html,https://www.randomservices.org/random/biographies/Yarborough.html,reference,false,outside the bounded core/ancillary freeze
https://www.randomservices.org/random/biographies/index.html,https://www.randomservices.org/random/biographies/Yule.html,reference,false,outside the bounded core/ancillary freeze
https://www.randomservices.org/random/biographies/index.html,https://www.randomservices.org/random/biographies/Zipf.html,reference,false,outside the bounded core/ancillary freeze
https://www.randomservices.org/random/biographies/index.html,https://www.randomservices.org/random/biographies/Zygmund.html,reference,false,outside the bounded core/ancillary freeze
https://www.randomservices.org/random/biographies/index.html,https://www.randomservices.org/random/icons/Icon.svg,asset,true,
https://www.randomservices.org/random/data/Alpha.html,http://en.wikipedia.org/wiki/Americium,reference,false,outside the bounded core/ancillary freeze
https://www.randomservices.org/random/data/Alpha.html,"http://www.google.com/search?q=Examination+of+Randomness+in+alpha+emission,+Berkson,+Research+Methods+in+Statistics",reference,false,outside the bounded core/ancillary freeze
https://www.randomservices.org/random/data/Alpha.html,"http://www.google.com/search?q=Mathematical+Statistics+and+Data+Analysis,+Rice",reference,false,outside the bounded core/ancillary freeze
https://www.randomservices.org/random/data/Alpha.html,https://www.randomservices.org/random/Screen.css,asset,true,
https://www.randomservices.org/random/data/Alpha.html,https://www.randomservices.org/random/TableSort.js,asset,true,
https://www.randomservices.org/random/data/Alpha.html,https://www.randomservices.org/random/data/Alpha.png,asset,true,
https://www.randomservices.org/random/data/Alpha.html,https://www.randomservices.org/random/data/Alpha.tsv,asset,true,
https://www.randomservices.org/random/data/Alpha.html,https://www.randomservices.org/random/data/index.html,reference,false,outside the bounded core/ancillary freeze
https://www.randomservices.org/random/data/Alpha.html,https://www.randomservices.org/random/icons/Icon.svg,asset,true,
https://www.randomservices.org/random/data/Berkeley.html,"http://www.google.com/search?q=Sex+bias+in+graduate+admissions:+data+from+Berkeley,+Bickel,+Hammel,+O'Connell",reference,false,outside the bounded core/ancillary freeze
https://www.randomservices.org/random/data/Berkeley.html,"http://www.google.com/search?q=Statistics,+Freedman,+Pisani,+Purves",reference,false,outside the bounded core/ancillary freeze
https://www.randomservices.org/random/data/Berkeley.html,https://www.randomservices.org/random/Screen.css,asset,true,
https://www.randomservices.org/random/data/Berkeley.html,https://www.randomservices.org/random/TableSort.js,asset,true,
https://www.randomservices.org/random/data/Berkeley.html,https://www.randomservices.org/random/data/Berkeley.png,asset,true,
https://www.randomservices.org/random/data/Berkeley.html,https://www.randomservices.org/random/data/Berkeley.tsv,asset,true,
https://www.randomservices.org/random/data/Berkeley.html,https://www.randomservices.org/random/data/index.html,reference,false,outside the bounded core/ancillary freeze
https://www.randomservices.org/random/data/Berkeley.html,https://www.randomservices.org/random/icons/Icon.svg,asset,true,
https://www.randomservices.org/random/data/Buffon.html,https://www.randomservices.org/random/Screen.css,asset,true,
https://www.randomservices.org/random/data/Buffon.html,https://www.randomservices.org/random/TableSort.js,asset,true,
https://www.randomservices.org/random/data/Buffon.html,https://www.randomservices.org/random/data/Buffon.png,asset,true,
https://www.randomservices.org/random/data/Buffon.html,https://www.randomservices.org/random/data/Buffon.tsv,asset,true,
https://www.randomservices.org/random/data/Buffon.html,https://www.randomservices.org/random/data/index.html,reference,false,outside the bounded core/ancillary freeze
https://www.randomservices.org/random/data/Buffon.html,https://www.randomservices.org/random/icons/Icon.svg,asset,true,
https://www.randomservices.org/random/data/Cavendish.html,"http://www.google.com/search?q=Do+robust+estimators+work+with+real+data,+Sigler",reference,false,outside the bounded core/ancillary freeze
https://www.randomservices.org/random/data/Cavendish.html,https://www.randomservices.org/random/Basic.js,asset,true,
https://www.randomservices.org/random/data/Cavendish.html,https://www.randomservices.org/random/Screen.css,asset,true,
https://www.randomservices.org/random/data/Cavendish.html,https://www.randomservices.org/random/TableSort.js,asset,true,
https://www.randomservices.org/random/data/Cavendish.html,https://www.randomservices.org/random/biographies/Cavendish.html,ancillary,true,
https://www.randomservices.org/random/data/Cavendish.html,https://www.randomservices.org/random/data/Cavendish.png,asset,true,
https://www.randomservices.org/random/data/Cavendish.html,https://www.randomservices.org/random/data/Cavendish.tsv,asset,true,
https://www.randomservices.org/random/data/Cavendish.html,https://www.randomservices.org/random/data/index.html,reference,false,outside the bounded core/ancillary freeze
https://www.randomservices.org/random/data/Cavendish.html,https://www.randomservices.org/random/icons/Icon.svg,asset,true,
https://www.randomservices.org/random/data/Challenger.html,http://en.wikipedia.org/wiki/Space_Shuttle_Challenger_disaster,reference,false,outside the bounded core/ancillary freeze
https://www.randomservices.org/random/data/Challenger.html,"http://www.google.com/search?q=Visual+Explanations:+Images+and+Quantities,+Evidence+and+Narrative,+Tufte",reference,false,outside the bounded core/ancillary freeze
https://www.randomservices.org/random/data/Challenger.html,https://onlineethics.org/,reference,false,outside the bounded core/ancillary freeze
https://www.randomservices.org/random/data/Challenger.html,https://www.randomservices.org/random/Basic.js,asset,true,
https://www.randomservices.org/random/data/Challenger.html,https://www.randomservices.org/random/Screen.css,asset,true,
https://www.randomservices.org/random/data/Challenger.html,https://www.randomservices.org/random/TableSort.js,asset,true,
https://www.randomservices.org/random/data/Challenger.html,https://www.randomservices.org/random/data/Challenger.png,asset,true,
https://www.randomservices.org/random/data/Challenger.html,https://www.randomservices.org/random/data/Challenger1.tsv,asset,true,
https://www.randomservices.org/random/data/Challenger.html,https://www.randomservices.org/random/data/Challenger2.tsv,asset,true,
https://www.randomservices.org/random/data/Challenger.html,https://www.randomservices.org/random/data/index.html,reference,false,outside the bounded core/ancillary freeze
https://www.randomservices.org/random/data/Challenger.html,https://www.randomservices.org/random/icons/Icon.svg,asset,true,
https://www.randomservices.org/random/data/Cicada.html,https://www.randomservices.org/random/Basic.js,asset,true,
https://www.randomservices.org/random/data/Cicada.html,https://www.randomservices.org/random/Screen.css,asset,true,
https://www.randomservices.org/random/data/Cicada.html,https://www.randomservices.org/random/TableSort.js,asset,true,
https://www.randomservices.org/random/data/Cicada.html,https://www.randomservices.org/random/data/Cicada.png,asset,true,
https://www.randomservices.org/random/data/Cicada.html,https://www.randomservices.org/random/data/Cicada.tsv,asset,true,
https://www.randomservices.org/random/data/Cicada.html,https://www.randomservices.org/random/data/index.html,reference,false,outside the bounded core/ancillary freeze
https://www.randomservices.org/random/data/Cicada.html,https://www.randomservices.org/random/icons/Icon.svg,asset,true,
https://www.randomservices.org/random/data/Draft.html,http://en.wikipedia.org/wiki/Draft_lottery_(1969),reference,false,outside the bounded core/ancillary freeze
https://www.randomservices.org/random/data/Draft.html,https://www.randomservices.org/random/Screen.css,asset,true,
https://www.randomservices.org/random/data/Draft.html,https://www.randomservices.org/random/TableSort.js,asset,true,
https://www.randomservices.org/random/data/Draft.html,https://www.randomservices.org/random/data/Draft.png,asset,true,
https://www.randomservices.org/random/data/Draft.html,https://www.randomservices.org/random/data/Draft.tsv,asset,true,
https://www.randomservices.org/random/data/Draft.html,https://www.randomservices.org/random/data/index.html,reference,false,outside the bounded core/ancillary freeze
https://www.randomservices.org/random/data/Draft.html,https://www.randomservices.org/random/icons/Icon.svg,asset,true,
https://www.randomservices.org/random/data/Draft.html,https://www.sss.gov/history-and-records/vietnam-lotteries/,reference,false,outside the bounded core/ancillary freeze
https://www.randomservices.org/random/data/Iris.html,http://en.wikipedia.org/wiki/Iris_(plant),reference,false,outside the bounded core/ancillary freeze
https://www.randomservices.org/random/data/Iris.html,"http://www.google.com/search?q=The+Use+of+Multiple+Measurements+in+Taxonomic+Problems,+Fisher",reference,false,outside the bounded core/ancillary freeze
https://www.randomservices.org/random/data/Iris.html,https://www.randomservices.org/random/Basic.js,asset,true,
https://www.randomservices.org/random/data/Iris.html,https://www.randomservices.org/random/Screen.css,asset,true,
https://www.randomservices.org/random/data/Iris.html,https://www.randomservices.org/random/TableSort.js,asset,true,
https://www.randomservices.org/random/data/Iris.html,https://www.randomservices.org/random/biographies/Fisher.html,ancillary,true,
https://www.randomservices.org/random/data/Iris.html,https://www.randomservices.org/random/data/Iris.png,asset,true,
https://www.randomservices.org/random/data/Iris.html,https://www.randomservices.org/random/data/Iris.tsv,asset,true,
https://www.randomservices.org/random/data/Iris.html,https://www.randomservices.org/random/data/index.html,reference,false,outside the bounded core/ancillary freeze
https://www.randomservices.org/random/data/Iris.html,https://www.randomservices.org/random/icons/Icon.svg,asset,true,
https://www.randomservices.org/random/data/LiteraryDigest.html,http://en.wikipedia.org/wiki/Literary_Digest,reference,false,outside the bounded core/ancillary freeze
https://www.randomservices.org/random/data/LiteraryDigest.html,http://historymatters.gmu.edu/d/5168/,reference,false,outside the bounded core/ancillary freeze
https://www.randomservices.org/random/data/LiteraryDigest.html,"http://www.google.com/search?q=The+Great+Depression,+McElvaine",reference,false,outside the bounded core/ancillary freeze
https://www.randomservices.org/random/data/LiteraryDigest.html,https://www.randomservices.org/random/Screen.css,asset,true,
https://www.randomservices.org/random/data/LiteraryDigest.html,https://www.randomservices.org/random/TableSort.js,asset,true,
https://www.randomservices.org/random/data/LiteraryDigest.html,https://www.randomservices.org/random/data/LiteraryDigest.png,asset,true,
https://www.randomservices.org/random/data/LiteraryDigest.html,https://www.randomservices.org/random/data/LiteraryDigest.tsv,asset,true,
https://www.randomservices.org/random/data/LiteraryDigest.html,https://www.randomservices.org/random/data/index.html,reference,false,outside the bounded core/ancillary freeze
https://www.randomservices.org/random/data/LiteraryDigest.html,https://www.randomservices.org/random/icons/Icon.svg,asset,true,
https://www.randomservices.org/random/data/MM.html,http://www.mms.com/,reference,false,outside the bounded core/ancillary freeze
https://www.randomservices.org/random/data/MM.html,https://www.randomservices.org/random/Screen.css,asset,true,
https://www.randomservices.org/random/data/MM.html,https://www.randomservices.org/random/TableSort.js,asset,true,
https://www.randomservices.org/random/data/MM.html,https://www.randomservices.org/random/data/MM.png,asset,true,
https://www.randomservices.org/random/data/MM.html,https://www.randomservices.org/random/data/MM.tsv,asset,true,
https://www.randomservices.org/random/data/MM.html,https://www.randomservices.org/random/data/index.html,reference,false,outside the bounded core/ancillary freeze
https://www.randomservices.org/random/data/MM.html,https://www.randomservices.org/random/icons/Icon.svg,asset,true,
https://www.randomservices.org/random/data/Michelson.html,http://en.wikipedia.org/wiki/Michelson_interferometer,reference,false,outside the bounded core/ancillary freeze
https://www.randomservices.org/random/data/Michelson.html,"http://www.google.com/search?q=Do+robust+estimators+work+with+real+data,+Sigler",reference,false,outside the bounded core/ancillary freeze
https://www.randomservices.org/random/data/Michelson.html,"http://www.google.com/search?q=The+Velocity+of+Light,+Michelson",reference,false,outside the bounded core/ancillary freeze
https://www.randomservices.org/random/data/Michelson.html,https://www.randomservices.org/random/Basic.js,asset,true,
https://www.randomservices.org/random/data/Michelson.html,https://www.randomservices.org/random/Screen.css,asset,true,
https://www.randomservices.org/random/data/Michelson.html,https://www.randomservices.org/random/TableSort.js,asset,true,
https://www.randomservices.org/random/data/Michelson.html,https://www.randomservices.org/random/biographies/Michelson.html,ancillary,true,
https://www.randomservices.org/random/data/Michelson.html,https://www.randomservices.org/random/data/Michelson.png,asset,true,
https://www.randomservices.org/random/data/Michelson.html,https://www.randomservices.org/random/data/Michelson.tsv,asset,true,
https://www.randomservices.org/random/data/Michelson.html,https://www.randomservices.org/random/data/index.html,reference,false,outside the bounded core/ancillary freeze
https://www.randomservices.org/random/data/Michelson.html,https://www.randomservices.org/random/icons/Icon.svg,asset,true,
https://www.randomservices.org/random/data/Pearson.html,http://stat-www.berkeley.edu/,reference,false,outside the bounded core/ancillary freeze
https://www.randomservices.org/random/data/Pearson.html,https://www.randomservices.org/random/Basic.js,asset,true,
https://www.randomservices.org/random/data/Pearson.html,https://www.randomservices.org/random/Screen.css,asset,true,
https://www.randomservices.org/random/data/Pearson.html,https://www.randomservices.org/random/TableSort.js,asset,true,
https://www.randomservices.org/random/data/Pearson.html,https://www.randomservices.org/random/biographies/PearsonK.html,ancillary,true,
https://www.randomservices.org/random/data/Pearson.html,https://www.randomservices.org/random/data/Pearson.tsv,asset,true,
https://www.randomservices.org/random/data/Pearson.html,https://www.randomservices.org/random/data/index.html,reference,false,outside the bounded core/ancillary freeze
https://www.randomservices.org/random/data/Pearson.html,https://www.randomservices.org/random/icons/Icon.svg,asset,true,
https://www.randomservices.org/random/data/Polio.html,"http://www.google.com/search?q=An+evaluation+of+the+1954+Poliomyelitis+Vaccine+Trials,+Francis,+Korn",reference,false,outside the bounded core/ancillary freeze
https://www.randomservices.org/random/data/Polio.html,"http://www.google.com/search?q=Statistics+of+the+1954+Polio+Vaccine+Trials,+Brownlee",reference,false,outside the bounded core/ancillary freeze
https://www.randomservices.org/random/data/Polio.html,https://www.randomservices.org/random/Basic.js,asset,true,
https://www.randomservices.org/random/data/Polio.html,https://www.randomservices.org/random/Screen.css,asset,true,
https://www.randomservices.org/random/data/Polio.html,https://www.randomservices.org/random/TableSort.js,asset,true,
https://www.randomservices.org/random/data/Polio.html,https://www.randomservices.org/random/biographies/Salk.html,ancillary,true,
https://www.randomservices.org/random/data/Polio.html,https://www.randomservices.org/random/data/Polio.tsv,asset,true,
https://www.randomservices.org/random/data/Polio.html,https://www.randomservices.org/random/data/index.html,reference,false,outside the bounded core/ancillary freeze
https://www.randomservices.org/random/data/Polio.html,https://www.randomservices.org/random/icons/Icon.svg,asset,true,
https://www.randomservices.org/random/data/SAT.html,http://www.collegeboard.com,reference,false,outside the bounded core/ancillary freeze
https://www.randomservices.org/random/data/SAT.html,https://CollegeBoard.org,reference,false,outside the bounded core/ancillary freeze
https://www.randomservices.org/random/data/SAT.html,https://www.randomservices.org/random/Screen.css,asset,true,
https://www.randomservices.org/random/data/SAT.html,https://www.randomservices.org/random/TableSort.js,asset,true,
https://www.randomservices.org/random/data/SAT.html,https://www.randomservices.org/random/data/SAT1.tsv,asset,true,
https://www.randomservices.org/random/data/SAT.html,https://www.randomservices.org/random/data/SAT2.tsv,asset,true,
https://www.randomservices.org/random/data/SAT.html,https://www.randomservices.org/random/data/index.html,reference,false,outside the bounded core/ancillary freeze
https://www.randomservices.org/random/data/SAT.html,https://www.randomservices.org/random/icons/Icon.svg,asset,true,
https://www.randomservices.org/random/data/Short.html,"http://www.google.com/search?q=An+Account+of+the+Transit+of+Venus+over+the+Sun,+Snow",reference,false,outside the bounded core/ancillary freeze
https://www.randomservices.org/random/data/Short.html,"http://www.google.com/search?q=Do+robust+estimators+work+with+real+data,+Sigler",reference,false,outside the bounded core/ancillary freeze
https://www.randomservices.org/random/data/Short.html,https://www.randomservices.org/random/Basic.js,asset,true,
https://www.randomservices.org/random/data/Short.html,https://www.randomservices.org/random/Screen.css,asset,true,
https://www.randomservices.org/random/data/Short.html,https://www.randomservices.org/random/TableSort.js,asset,true,
https://www.randomservices.org/random/data/Short.html,https://www.randomservices.org/random/biographies/Short.html,ancillary,true,
https://www.randomservices.org/random/data/Short.html,https://www.randomservices.org/random/data/Short.png,asset,true,
https://www.randomservices.org/random/data/Short.html,https://www.randomservices.org/random/data/Short.tsv,asset,true,
https://www.randomservices.org/random/data/Short.html,https://www.randomservices.org/random/data/index.html,reference,false,outside the bounded core/ancillary freeze
https://www.randomservices.org/random/data/Short.html,https://www.randomservices.org/random/icons/Icon.svg,asset,true,
https://www.randomservices.org/random/data/Snow.html,"http://www.google.com/search?q=On+the+Mode+of+Communication+of+Cholera,+Snow",reference,false,outside the bounded core/ancillary freeze
https://www.randomservices.org/random/data/Snow.html,http://www.ncgia.ucsb.edu/pubs/snow/snow.html,reference,false,outside the bounded core/ancillary freeze
https://www.randomservices.org/random/data/Snow.html,http://www.scienceline.org/2010/05/john-snows-maps-of-the-broad-street-cholera-outbreak/,reference,false,outside the bounded core/ancillary freeze
https://www.randomservices.org/random/data/Snow.html,https://www.randomservices.org/random/Basic.js,asset,true,
https://www.randomservices.org/random/data/Snow.html,https://www.randomservices.org/random/Screen.css,asset,true,
https://www.randomservices.org/random/data/Snow.html,https://www.randomservices.org/random/TableSort.js,asset,true,
https://www.randomservices.org/random/data/Snow.html,https://www.randomservices.org/random/biographies/Snow.html,ancillary,true,
https://www.randomservices.org/random/data/Snow.html,https://www.randomservices.org/random/data/Snow.png,asset,true,
https://www.randomservices.org/random/data/Snow.html,https://www.randomservices.org/random/data/Snow1.tsv,asset,true,
https://www.randomservices.org/random/data/Snow.html,https://www.randomservices.org/random/data/Snow2.tsv,asset,true,
https://www.randomservices.org/random/data/Snow.html,https://www.randomservices.org/random/data/index.html,reference,false,outside the bounded core/ancillary freeze
https://www.randomservices.org/random/data/Snow.html,https://www.randomservices.org/random/icons/Icon.svg,asset,true,
https://www.randomservices.org/random/data/index.html,https://www.randomservices.org/random/Basic.js,asset,true,
https://www.randomservices.org/random/data/index.html,https://www.randomservices.org/random/Screen.css,asset,true,
https://www.randomservices.org/random/data/index.html,https://www.randomservices.org/random/biographies/Doyle.html,ancillary,true,
https://www.randomservices.org/random/data/index.html,https://www.randomservices.org/random/data/Alabama.html,reference,false,outside the bounded core/ancillary freeze
https://www.randomservices.org/random/data/index.html,https://www.randomservices.org/random/data/Alpha.html,reference,false,outside the bounded core/ancillary freeze
https://www.randomservices.org/random/data/index.html,https://www.randomservices.org/random/data/Berkeley.html,reference,false,outside the bounded core/ancillary freeze
https://www.randomservices.org/random/data/index.html,https://www.randomservices.org/random/data/Buffon.html,reference,false,outside the bounded core/ancillary freeze
https://www.randomservices.org/random/data/index.html,https://www.randomservices.org/random/data/Cavendish.html,reference,false,outside the bounded core/ancillary freeze
https://www.randomservices.org/random/data/index.html,https://www.randomservices.org/random/data/Challenger.html,reference,false,outside the bounded core/ancillary freeze
https://www.randomservices.org/random/data/index.html,https://www.randomservices.org/random/data/Cicada.html,reference,false,outside the bounded core/ancillary freeze
https://www.randomservices.org/random/data/index.html,https://www.randomservices.org/random/data/Draft.html,reference,false,outside the bounded core/ancillary freeze
https://www.randomservices.org/random/data/index.html,https://www.randomservices.org/random/data/Election1948.html,reference,false,outside the bounded core/ancillary freeze
https://www.randomservices.org/random/data/index.html,https://www.randomservices.org/random/data/Galton.html,reference,false,outside the bounded core/ancillary freeze
https://www.randomservices.org/random/data/index.html,https://www.randomservices.org/random/data/HorseKicks.html,reference,false,outside the bounded core/ancillary freeze
https://www.randomservices.org/random/data/index.html,https://www.randomservices.org/random/data/Iris.html,reference,false,outside the bounded core/ancillary freeze
https://www.randomservices.org/random/data/index.html,https://www.randomservices.org/random/data/LiteraryDigest.html,reference,false,outside the bounded core/ancillary freeze
https://www.randomservices.org/random/data/index.html,https://www.randomservices.org/random/data/MM.html,reference,false,outside the bounded core/ancillary freeze
https://www.randomservices.org/random/data/index.html,https://www.randomservices.org/random/data/Michelson.html,reference,false,outside the bounded core/ancillary freeze
https://www.randomservices.org/random/data/index.html,https://www.randomservices.org/random/data/NHANES.html,reference,false,outside the bounded core/ancillary freeze
https://www.randomservices.org/random/data/index.html,https://www.randomservices.org/random/data/Pearson.html,reference,false,outside the bounded core/ancillary freeze
https://www.randomservices.org/random/data/index.html,https://www.randomservices.org/random/data/Polio.html,reference,false,outside the bounded core/ancillary freeze
https://www.randomservices.org/random/data/index.html,https://www.randomservices.org/random/data/SAT.html,reference,false,outside the bounded core/ancillary freeze
https://www.randomservices.org/random/data/index.html,https://www.randomservices.org/random/data/Short.html,reference,false,outside the bounded core/ancillary freeze
https://www.randomservices.org/random/data/index.html,https://www.randomservices.org/random/data/Snow.html,reference,false,outside the bounded core/ancillary freeze
https://www.randomservices.org/random/data/index.html,https://www.randomservices.org/random/icons/Icon.svg,asset,true,
https://www.randomservices.org/random/hypothesis/Bernoulli.html,https://www.randomservices.org/MathJax/tex-svg.js,asset,true,
https://www.randomservices.org/random/hypothesis/Bernoulli.html,https://www.randomservices.org/random/Basic.js,asset,true,
https://www.randomservices.org/random/hypothesis/Bernoulli.html,https://www.randomservices.org/random/Screen.css,asset,true,
https://www.randomservices.org/random/hypothesis/Bernoulli.html,https://www.randomservices.org/random/apps/ProportionTest.html,ancillary,true,
https://www.randomservices.org/random/hypothesis/Bernoulli.html,https://www.randomservices.org/random/apps/QuantileApp.html,ancillary,true,
https://www.randomservices.org/random/hypothesis/Bernoulli.html,https://www.randomservices.org/random/apps/SignTest.html,ancillary,true,
https://www.randomservices.org/random/hypothesis/Bernoulli.html,https://www.randomservices.org/random/apps/index.html,ancillary,true,
https://www.randomservices.org/random/hypothesis/Bernoulli.html,https://www.randomservices.org/random/bernoulli/Binomial.html,reference,false,outside the bounded core/ancillary freeze
https://www.randomservices.org/random/hypothesis/Bernoulli.html,https://www.randomservices.org/random/bernoulli/Introduction.html,reference,false,outside the bounded core/ancillary freeze
https://www.randomservices.org/random/hypothesis/Bernoulli.html,https://www.randomservices.org/random/biographies/index.html,ancillary,true,
https://www.randomservices.org/random/hypothesis/Bernoulli.html,https://www.randomservices.org/random/data/Fisher.html,ancillary,false,fetch failed for https://www.randomservices.org/random/data/Fisher.html: HTTP Error 404: Not Found
https://www.randomservices.org/random/hypothesis/Bernoulli.html,https://www.randomservices.org/random/data/MM.html,ancillary,true,
https://www.randomservices.org/random/hypothesis/Bernoulli.html,https://www.randomservices.org/random/data/index.html,ancillary,true,
https://www.randomservices.org/random/hypothesis/Bernoulli.html,https://www.randomservices.org/random/dist/CDF.html,reference,false,outside the bounded core/ancillary freeze
https://www.randomservices.org/random/hypothesis/Bernoulli.html,https://www.randomservices.org/random/dist/Continuous.html,reference,false,outside the bounded core/ancillary freeze
https://www.randomservices.org/random/hypothesis/Bernoulli.html,https://www.randomservices.org/random/hypothesis/BivariateNormal.html,reference,false,outside the bounded core/ancillary freeze
https://www.randomservices.org/random/hypothesis/Bernoulli.html,https://www.randomservices.org/random/hypothesis/ChiSquare.html,reference,false,outside the bounded core/ancillary freeze
https://www.randomservices.org/random/hypothesis/Bernoulli.html,https://www.randomservices.org/random/hypothesis/Introduction.html,reference,false,outside the bounded core/ancillary freeze
https://www.randomservices.org/random/hypothesis/Bernoulli.html,https://www.randomservices.org/random/hypothesis/Likelihood.html,reference,false,outside the bounded core/ancillary freeze
https://www.randomservices.org/random/hypothesis/Bernoulli.html,https://www.randomservices.org/random/hypothesis/Normal.html,reference,false,outside the bounded core/ancillary freeze
https://www.randomservices.org/random/hypothesis/Bernoulli.html,https://www.randomservices.org/random/hypothesis/index.html,reference,false,outside the bounded core/ancillary freeze
https://www.randomservices.org/random/hypothesis/Bernoulli.html,https://www.randomservices.org/random/icons/Icon.svg,asset,true,
https://www.randomservices.org/random/hypothesis/Bernoulli.html,https://www.randomservices.org/random/icons/Minus.svg,asset,true,
https://www.randomservices.org/random/hypothesis/Bernoulli.html,https://www.randomservices.org/random/icons/Plus.svg,asset,true,
https://www.randomservices.org/random/hypothesis/Bernoulli.html,https://www.randomservices.org/random/index.html,reference,false,outside the bounded core/ancillary freeze
https://www.randomservices.org/random/hypothesis/Bernoulli.html,https://www.randomservices.org/random/interval/Bernoulli.html,reference,false,outside the bounded core/ancillary freeze
https://www.randomservices.org/random/hypothesis/Bernoulli.html,https://www.randomservices.org/random/interval/index.html,reference,false,outside the bounded core/ancillary freeze
https://www.randomservices.org/random/hypothesis/Bernoulli.html,https://www.randomservices.org/random/point/Sufficient.html,reference,false,outside the bounded core/ancillary freeze
https://www.randomservices.org/random/hypothesis/Bernoulli.html,https://www.randomservices.org/random/prob/Experiments.html,reference,false,outside the bounded core/ancillary freeze
https://www.randomservices.org/random/hypothesis/Bernoulli.html,https://www.randomservices.org/random/prob/Independence.html,reference,false,outside the bounded core/ancillary freeze
https://www.randomservices.org/random/hypothesis/Bernoulli.html,https://www.randomservices.org/random/prob/Probability.html,reference,false,outside the bounded core/ancillary freeze
https://www.randomservices.org/random/hypothesis/Bernoulli.html,https://www.randomservices.org/random/sample/CLT.html,reference,false,outside the bounded core/ancillary freeze
https://www.randomservices.org/random/hypothesis/Bernoulli.html,https://www.randomservices.org/random/sample/Introduction.html,reference,false,outside the bounded core/ancillary freeze
https://www.randomservices.org/random/hypothesis/Bernoulli.html,https://www.randomservices.org/random/urn/Introduction.html,reference,false,outside the bounded core/ancillary freeze
https://www.randomservices.org/random/hypothesis/Bernoulli.html,https://www.randomservices.org/random/urn/index.html,reference,false,outside the bounded core/ancillary freeze
https://www.randomservices.org/random/hypothesis/BivariateNormal.html,https://www.randomservices.org/MathJax/tex-svg.js,asset,true,
https://www.randomservices.org/random/hypothesis/BivariateNormal.html,https://www.randomservices.org/random/Basic.js,asset,true,
https://www.randomservices.org/random/hypothesis/BivariateNormal.html,https://www.randomservices.org/random/Screen.css,asset,true,
https://www.randomservices.org/random/hypothesis/BivariateNormal.html,https://www.randomservices.org/random/apps/QuantileApp.html,ancillary,true,
https://www.randomservices.org/random/hypothesis/BivariateNormal.html,https://www.randomservices.org/random/apps/index.html,ancillary,true,
https://www.randomservices.org/random/hypothesis/BivariateNormal.html,https://www.randomservices.org/random/biographies/index.html,ancillary,true,
https://www.randomservices.org/random/hypothesis/BivariateNormal.html,https://www.randomservices.org/random/data/Fisher.html,ancillary,false,fetch failed for https://www.randomservices.org/random/data/Fisher.html: HTTP Error 404: Not Found
https://www.randomservices.org/random/hypothesis/BivariateNormal.html,https://www.randomservices.org/random/data/index.html,ancillary,true,
https://www.randomservices.org/random/hypothesis/BivariateNormal.html,https://www.randomservices.org/random/dist/CDF.html,reference,false,outside the bounded core/ancillary freeze
https://www.randomservices.org/random/hypothesis/BivariateNormal.html,https://www.randomservices.org/random/expect/Properties.html,reference,false,outside the bounded core/ancillary freeze
https://www.randomservices.org/random/hypothesis/BivariateNormal.html,https://www.randomservices.org/random/hypothesis/Bernoulli.html,reference,false,outside the bounded core/ancillary freeze
https://www.randomservices.org/random/hypothesis/BivariateNormal.html,https://www.randomservices.org/random/hypothesis/ChiSquare.html,reference,false,outside the bounded core/ancillary freeze
https://www.randomservices.org/random/hypothesis/BivariateNormal.html,https://www.randomservices.org/random/hypothesis/Introduction.html,reference,false,outside the bounded core/ancillary freeze
https://www.randomservices.org/random/hypothesis/BivariateNormal.html,https://www.randomservices.org/random/hypothesis/Likelihood.html,reference,false,outside the bounded core/ancillary freeze
https://www.randomservices.org/random/hypothesis/BivariateNormal.html,https://www.randomservices.org/random/hypothesis/Normal.html,reference,false,outside the bounded core/ancillary freeze
https://www.randomservices.org/random/hypothesis/BivariateNormal.html,https://www.randomservices.org/random/hypothesis/index.html,reference,false,outside the bounded core/ancillary freeze
https://www.randomservices.org/random/hypothesis/BivariateNormal.html,https://www.randomservices.org/random/icons/Icon.svg,asset,true,
https://www.randomservices.org/random/hypothesis/BivariateNormal.html,https://www.randomservices.org/random/icons/Minus.svg,asset,true,
https://www.randomservices.org/random/hypothesis/BivariateNormal.html,https://www.randomservices.org/random/icons/Plus.svg,asset,true,
https://www.randomservices.org/random/hypothesis/BivariateNormal.html,https://www.randomservices.org/random/index.html,reference,false,outside the bounded core/ancillary freeze
https://www.randomservices.org/random/hypothesis/BivariateNormal.html,https://www.randomservices.org/random/interval/BivariateNormal.html,reference,false,outside the bounded core/ancillary freeze
https://www.randomservices.org/random/hypothesis/BivariateNormal.html,https://www.randomservices.org/random/interval/index.html,reference,false,outside the bounded core/ancillary freeze
https://www.randomservices.org/random/hypothesis/BivariateNormal.html,https://www.randomservices.org/random/prob/Independence.html,reference,false,outside the bounded core/ancillary freeze
https://www.randomservices.org/random/hypothesis/BivariateNormal.html,https://www.randomservices.org/random/sample/Covariance.html,reference,false,outside the bounded core/ancillary freeze
https://www.randomservices.org/random/hypothesis/BivariateNormal.html,https://www.randomservices.org/random/sample/Mean.html,reference,false,outside the bounded core/ancillary freeze
https://www.randomservices.org/random/hypothesis/BivariateNormal.html,https://www.randomservices.org/random/sample/Normal.html,reference,false,outside the bounded core/ancillary freeze
https://www.randomservices.org/random/hypothesis/BivariateNormal.html,https://www.randomservices.org/random/sample/Variance.html,reference,false,outside the bounded core/ancillary freeze
https://www.randomservices.org/random/hypothesis/BivariateNormal.html,https://www.randomservices.org/random/special/Fisher.html,reference,false,outside the bounded core/ancillary freeze
https://www.randomservices.org/random/hypothesis/BivariateNormal.html,https://www.randomservices.org/random/special/MultiNormal.html,reference,false,outside the bounded core/ancillary freeze
https://www.randomservices.org/random/hypothesis/BivariateNormal.html,https://www.randomservices.org/random/special/Normal.html,reference,false,outside the bounded core/ancillary freeze
https://www.randomservices.org/random/hypothesis/BivariateNormal.html,https://www.randomservices.org/random/special/Student.html,reference,false,outside the bounded core/ancillary freeze
https://www.randomservices.org/random/hypothesis/ChiSquare.html,https://www.randomservices.org/MathJax/tex-svg.js,asset,true,
https://www.randomservices.org/random/hypothesis/ChiSquare.html,https://www.randomservices.org/random/Basic.js,asset,true,
https://www.randomservices.org/random/hypothesis/ChiSquare.html,https://www.randomservices.org/random/Screen.css,asset,true,
https://www.randomservices.org/random/hypothesis/ChiSquare.html,https://www.randomservices.org/random/apps/DiceFit.html,ancillary,true,
https://www.randomservices.org/random/hypothesis/ChiSquare.html,https://www.randomservices.org/random/apps/index.html,ancillary,true,
https://www.randomservices.org/random/hypothesis/ChiSquare.html,https://www.randomservices.org/random/bernoulli/Binomial.html,reference,false,outside the bounded core/ancillary freeze
https://www.randomservices.org/random/hypothesis/ChiSquare.html,https://www.randomservices.org/random/bernoulli/Introduction.html,reference,false,outside the bounded core/ancillary freeze
https://www.randomservices.org/random/hypothesis/ChiSquare.html,https://www.randomservices.org/random/bernoulli/Multinomial.html,reference,false,outside the bounded core/ancillary freeze
https://www.randomservices.org/random/hypothesis/ChiSquare.html,https://www.randomservices.org/random/biographies/index.html,ancillary,true,
https://www.randomservices.org/random/hypothesis/ChiSquare.html,https://www.randomservices.org/random/data/Alpha.html,ancillary,true,
https://www.randomservices.org/random/hypothesis/ChiSquare.html,https://www.randomservices.org/random/data/Buffon.html,ancillary,true,
https://www.randomservices.org/random/hypothesis/ChiSquare.html,https://www.randomservices.org/random/data/Michelson.html,ancillary,true,
https://www.randomservices.org/random/hypothesis/ChiSquare.html,https://www.randomservices.org/random/data/index.html,ancillary,true,
https://www.randomservices.org/random/hypothesis/ChiSquare.html,https://www.randomservices.org/random/dist/CDF.html,reference,false,outside the bounded core/ancillary freeze
https://www.randomservices.org/random/hypothesis/ChiSquare.html,https://www.randomservices.org/random/dist/Joint.html,reference,false,outside the bounded core/ancillary freeze
https://www.randomservices.org/random/hypothesis/ChiSquare.html,https://www.randomservices.org/random/foundations/Sets.html,reference,false,outside the bounded core/ancillary freeze
https://www.randomservices.org/random/hypothesis/ChiSquare.html,https://www.randomservices.org/random/hypothesis/Bernoulli.html,reference,false,outside the bounded core/ancillary freeze
https://www.randomservices.org/random/hypothesis/ChiSquare.html,https://www.randomservices.org/random/hypothesis/BivariateNormal.html,reference,false,outside the bounded core/ancillary freeze
https://www.randomservices.org/random/hypothesis/ChiSquare.html,https://www.randomservices.org/random/hypothesis/Introduction.html,reference,false,outside the bounded core/ancillary freeze
https://www.randomservices.org/random/hypothesis/ChiSquare.html,https://www.randomservices.org/random/hypothesis/Likelihood.html,reference,false,outside the bounded core/ancillary freeze
https://www.randomservices.org/random/hypothesis/ChiSquare.html,https://www.randomservices.org/random/hypothesis/Normal.html,reference,false,outside the bounded core/ancillary freeze
https://www.randomservices.org/random/hypothesis/ChiSquare.html,https://www.randomservices.org/random/hypothesis/index.html,reference,false,outside the bounded core/ancillary freeze
https://www.randomservices.org/random/hypothesis/ChiSquare.html,https://www.randomservices.org/random/icons/Icon.svg,asset,true,
https://www.randomservices.org/random/hypothesis/ChiSquare.html,https://www.randomservices.org/random/icons/Minus.svg,asset,true,
https://www.randomservices.org/random/hypothesis/ChiSquare.html,https://www.randomservices.org/random/icons/Plus.svg,asset,true,
https://www.randomservices.org/random/hypothesis/ChiSquare.html,https://www.randomservices.org/random/index.html,reference,false,outside the bounded core/ancillary freeze
https://www.randomservices.org/random/hypothesis/ChiSquare.html,https://www.randomservices.org/random/point/Sufficient.html,reference,false,outside the bounded core/ancillary freeze
https://www.randomservices.org/random/hypothesis/ChiSquare.html,https://www.randomservices.org/random/prob/Events.html,reference,false,outside the bounded core/ancillary freeze
https://www.randomservices.org/random/hypothesis/ChiSquare.html,https://www.randomservices.org/random/prob/Independence.html,reference,false,outside the bounded core/ancillary freeze
https://www.randomservices.org/random/hypothesis/ChiSquare.html,https://www.randomservices.org/random/sample/CLT.html,reference,false,outside the bounded core/ancillary freeze
https://www.randomservices.org/random/hypothesis/ChiSquare.html,https://www.randomservices.org/random/special/ChiSquare.html,reference,false,outside the bounded core/ancillary freeze
https://www.randomservices.org/random/hypothesis/Introduction.html,https://www.randomservices.org/MathJax/tex-svg.js,asset,true,
https://www.randomservices.org/random/hypothesis/Introduction.html,https://www.randomservices.org/random/Basic.js,asset,true,
https://www.randomservices.org/random/hypothesis/Introduction.html,https://www.randomservices.org/random/Screen.css,asset,true,
https://www.randomservices.org/random/hypothesis/Introduction.html,https://www.randomservices.org/random/apps/index.html,ancillary,true,
https://www.randomservices.org/random/hypothesis/Introduction.html,https://www.randomservices.org/random/biographies/Neyman.html,ancillary,true,
https://www.randomservices.org/random/hypothesis/Introduction.html,https://www.randomservices.org/random/biographies/PearsonE.html,ancillary,true,
https://www.randomservices.org/random/hypothesis/Introduction.html,https://www.randomservices.org/random/biographies/index.html,ancillary,true,
https://www.randomservices.org/random/hypothesis/Introduction.html,https://www.randomservices.org/random/data/index.html,ancillary,true,
https://www.randomservices.org/random/hypothesis/Introduction.html,https://www.randomservices.org/random/hypothesis/Bernoulli.html,reference,false,outside the bounded core/ancillary freeze
https://www.randomservices.org/random/hypothesis/Introduction.html,https://www.randomservices.org/random/hypothesis/BivariateNormal.html,reference,false,outside the bounded core/ancillary freeze
https://www.randomservices.org/random/hypothesis/Introduction.html,https://www.randomservices.org/random/hypothesis/ChiSquare.html,reference,false,outside the bounded core/ancillary freeze
https://www.randomservices.org/random/hypothesis/Introduction.html,https://www.randomservices.org/random/hypothesis/Likelihood.html,reference,false,outside the bounded core/ancillary freeze
https://www.randomservices.org/random/hypothesis/Introduction.html,https://www.randomservices.org/random/hypothesis/Normal.html,reference,false,outside the bounded core/ancillary freeze
https://www.randomservices.org/random/hypothesis/Introduction.html,https://www.randomservices.org/random/hypothesis/index.html,reference,false,outside the bounded core/ancillary freeze
https://www.randomservices.org/random/hypothesis/Introduction.html,https://www.randomservices.org/random/icons/Icon.svg,asset,true,
https://www.randomservices.org/random/hypothesis/Introduction.html,https://www.randomservices.org/random/icons/Minus.svg,asset,true,
https://www.randomservices.org/random/hypothesis/Introduction.html,https://www.randomservices.org/random/icons/Plus.svg,asset,true,
https://www.randomservices.org/random/hypothesis/Introduction.html,https://www.randomservices.org/random/index.html,reference,false,outside the bounded core/ancillary freeze
https://www.randomservices.org/random/hypothesis/Introduction.html,https://www.randomservices.org/random/interval/Introduction.html,reference,false,outside the bounded core/ancillary freeze
https://www.randomservices.org/random/hypothesis/Introduction.html,https://www.randomservices.org/random/prob/Events.html,reference,false,outside the bounded core/ancillary freeze
https://www.randomservices.org/random/hypothesis/Introduction.html,https://www.randomservices.org/random/prob/Experiments.html,reference,false,outside the bounded core/ancillary freeze
https://www.randomservices.org/random/hypothesis/Introduction.html,https://www.randomservices.org/random/prob/Probability2.html,reference,false,outside the bounded core/ancillary freeze
https://www.randomservices.org/random/hypothesis/Introduction.html,https://www.randomservices.org/random/sample/Introduction.html,reference,false,outside the bounded core/ancillary freeze
https://www.randomservices.org/random/hypothesis/Likelihood.html,https://www.randomservices.org/MathJax/tex-svg.js,asset,true,
https://www.randomservices.org/random/hypothesis/Likelihood.html,https://www.randomservices.org/random/Basic.js,asset,true,
https://www.randomservices.org/random/hypothesis/Likelihood.html,https://www.randomservices.org/random/Screen.css,asset,true,
https://www.randomservices.org/random/hypothesis/Likelihood.html,https://www.randomservices.org/random/apps/index.html,ancillary,true,
https://www.randomservices.org/random/hypothesis/Likelihood.html,https://www.randomservices.org/random/bernoulli/Binomial.html,reference,false,outside the bounded core/ancillary freeze
https://www.randomservices.org/random/hypothesis/Likelihood.html,https://www.randomservices.org/random/bernoulli/Geometric.html,reference,false,outside the bounded core/ancillary freeze
https://www.randomservices.org/random/hypothesis/Likelihood.html,https://www.randomservices.org/random/bernoulli/Introduction.html,reference,false,outside the bounded core/ancillary freeze
https://www.randomservices.org/random/hypothesis/Likelihood.html,https://www.randomservices.org/random/biographies/Neyman.html,ancillary,true,
https://www.randomservices.org/random/hypothesis/Likelihood.html,https://www.randomservices.org/random/biographies/PearsonE.html,ancillary,true,
https://www.randomservices.org/random/hypothesis/Likelihood.html,https://www.randomservices.org/random/biographies/index.html,ancillary,true,
https://www.randomservices.org/random/hypothesis/Likelihood.html,https://www.randomservices.org/random/data/index.html,ancillary,true,
https://www.randomservices.org/random/hypothesis/Likelihood.html,https://www.randomservices.org/random/dist/CDF.html,reference,false,outside the bounded core/ancillary freeze
https://www.randomservices.org/random/hypothesis/Likelihood.html,https://www.randomservices.org/random/expect/Properties.html,reference,false,outside the bounded core/ancillary freeze
https://www.randomservices.org/random/hypothesis/Likelihood.html,https://www.randomservices.org/random/expect/Variance.html,reference,false,outside the bounded core/ancillary freeze
https://www.randomservices.org/random/hypothesis/Likelihood.html,https://www.randomservices.org/random/hypothesis/Bernoulli.html,reference,false,outside the bounded core/ancillary freeze
https://www.randomservices.org/random/hypothesis/Likelihood.html,https://www.randomservices.org/random/hypothesis/BivariateNormal.html,reference,false,outside the bounded core/ancillary freeze
https://www.randomservices.org/random/hypothesis/Likelihood.html,https://www.randomservices.org/random/hypothesis/ChiSquare.html,reference,false,outside the bounded core/ancillary freeze
https://www.randomservices.org/random/hypothesis/Likelihood.html,https://www.randomservices.org/random/hypothesis/Introduction.html,reference,false,outside the bounded core/ancillary freeze
https://www.randomservices.org/random/hypothesis/Likelihood.html,https://www.randomservices.org/random/hypothesis/Normal.html,reference,false,outside the bounded core/ancillary freeze
https://www.randomservices.org/random/hypothesis/Likelihood.html,https://www.randomservices.org/random/hypothesis/index.html,reference,false,outside the bounded core/ancillary freeze
https://www.randomservices.org/random/hypothesis/Likelihood.html,https://www.randomservices.org/random/icons/Icon.svg,asset,true,
https://www.randomservices.org/random/hypothesis/Likelihood.html,https://www.randomservices.org/random/icons/Minus.svg,asset,true,
https://www.randomservices.org/random/hypothesis/Likelihood.html,https://www.randomservices.org/random/icons/Plus.svg,asset,true,
https://www.randomservices.org/random/hypothesis/Likelihood.html,https://www.randomservices.org/random/index.html,reference,false,outside the bounded core/ancillary freeze
https://www.randomservices.org/random/hypothesis/Likelihood.html,https://www.randomservices.org/random/martingales/index.html,reference,false,outside the bounded core/ancillary freeze
https://www.randomservices.org/random/hypothesis/Likelihood.html,https://www.randomservices.org/random/point/Likelihood.html,reference,false,outside the bounded core/ancillary freeze
https://www.randomservices.org/random/hypothesis/Likelihood.html,https://www.randomservices.org/random/poisson/Exponential.html,reference,false,outside the bounded core/ancillary freeze
https://www.randomservices.org/random/hypothesis/Likelihood.html,https://www.randomservices.org/random/poisson/Poisson.html,reference,false,outside the bounded core/ancillary freeze
https://www.randomservices.org/random/hypothesis/Likelihood.html,https://www.randomservices.org/random/prob/Experiments.html,reference,false,outside the bounded core/ancillary freeze
https://www.randomservices.org/random/hypothesis/Likelihood.html,https://www.randomservices.org/random/prob/Probability.html,reference,false,outside the bounded core/ancillary freeze
https://www.randomservices.org/random/hypothesis/Likelihood.html,https://www.randomservices.org/random/prob/Probability2.html,reference,false,outside the bounded core/ancillary freeze
https://www.randomservices.org/random/hypothesis/Likelihood.html,https://www.randomservices.org/random/sample/Introduction.html,reference,false,outside the bounded core/ancillary freeze
https://www.randomservices.org/random/hypothesis/Likelihood.html,https://www.randomservices.org/random/special/Gamma.html,reference,false,outside the bounded core/ancillary freeze
https://www.randomservices.org/random/hypothesis/Normal.html,https://www.randomservices.org/MathJax/tex-svg.js,asset,true,
https://www.randomservices.org/random/hypothesis/Normal.html,https://www.randomservices.org/random/Basic.js,asset,true,
https://www.randomservices.org/random/hypothesis/Normal.html,https://www.randomservices.org/random/Screen.css,asset,true,
https://www.randomservices.org/random/hypothesis/Normal.html,https://www.randomservices.org/random/apps/MeanEstimate.html,ancillary,true,
https://www.randomservices.org/random/hypothesis/Normal.html,https://www.randomservices.org/random/apps/MeanTest.html,ancillary,true,
https://www.randomservices.org/random/hypothesis/Normal.html,https://www.randomservices.org/random/apps/QuantileApp.html,ancillary,true,
https://www.randomservices.org/random/hypothesis/Normal.html,https://www.randomservices.org/random/apps/VarianceEstimate.html,ancillary,true,
https://www.randomservices.org/random/hypothesis/Normal.html,https://www.randomservices.org/random/apps/VarianceTestExperiment.html,ancillary,false,fetch failed for https://www.randomservices.org/random/apps/VarianceTestExperiment.html: HTTP Error 404: Not Found
https://www.randomservices.org/random/hypothesis/Normal.html,https://www.randomservices.org/random/apps/index.html,ancillary,true,
https://www.randomservices.org/random/hypothesis/Normal.html,https://www.randomservices.org/random/biographies/index.html,ancillary,true,
https://www.randomservices.org/random/hypothesis/Normal.html,https://www.randomservices.org/random/data/Cavendish.html,ancillary,true,
https://www.randomservices.org/random/hypothesis/Normal.html,https://www.randomservices.org/random/data/Fisher.html,ancillary,false,fetch failed for https://www.randomservices.org/random/data/Fisher.html: HTTP Error 404: Not Found
https://www.randomservices.org/random/hypothesis/Normal.html,https://www.randomservices.org/random/data/Michelson.html,ancillary,true,
https://www.randomservices.org/random/hypothesis/Normal.html,https://www.randomservices.org/random/data/Short.html,ancillary,true,
https://www.randomservices.org/random/hypothesis/Normal.html,https://www.randomservices.org/random/data/index.html,ancillary,true,
https://www.randomservices.org/random/hypothesis/Normal.html,https://www.randomservices.org/random/dist/CDF.html,reference,false,outside the bounded core/ancillary freeze
https://www.randomservices.org/random/hypothesis/Normal.html,https://www.randomservices.org/random/dist/Continuous.html,reference,false,outside the bounded core/ancillary freeze
https://www.randomservices.org/random/hypothesis/Normal.html,https://www.randomservices.org/random/expect/Properties.html,reference,false,outside the bounded core/ancillary freeze
https://www.randomservices.org/random/hypothesis/Normal.html,https://www.randomservices.org/random/expect/Variance.html,reference,false,outside the bounded core/ancillary freeze
https://www.randomservices.org/random/hypothesis/Normal.html,https://www.randomservices.org/random/hypothesis/Bernoulli.html,reference,false,outside the bounded core/ancillary freeze
https://www.randomservices.org/random/hypothesis/Normal.html,https://www.randomservices.org/random/hypothesis/BivariateNormal.html,reference,false,outside the bounded core/ancillary freeze
https://www.randomservices.org/random/hypothesis/Normal.html,https://www.randomservices.org/random/hypothesis/ChiSquare.html,reference,false,outside the bounded core/ancillary freeze
https://www.randomservices.org/random/hypothesis/Normal.html,https://www.randomservices.org/random/hypothesis/Introduction.html,reference,false,outside the bounded core/ancillary freeze
https://www.randomservices.org/random/hypothesis/Normal.html,https://www.randomservices.org/random/hypothesis/Likelihood.html,reference,false,outside the bounded core/ancillary freeze
https://www.randomservices.org/random/hypothesis/Normal.html,https://www.randomservices.org/random/hypothesis/index.html,reference,false,outside the bounded core/ancillary freeze
https://www.randomservices.org/random/hypothesis/Normal.html,https://www.randomservices.org/random/icons/Icon.svg,asset,true,
https://www.randomservices.org/random/hypothesis/Normal.html,https://www.randomservices.org/random/icons/Minus.svg,asset,true,
https://www.randomservices.org/random/hypothesis/Normal.html,https://www.randomservices.org/random/icons/Plus.svg,asset,true,
https://www.randomservices.org/random/hypothesis/Normal.html,https://www.randomservices.org/random/index.html,reference,false,outside the bounded core/ancillary freeze
https://www.randomservices.org/random/hypothesis/Normal.html,https://www.randomservices.org/random/interval/Normal.html,reference,false,outside the bounded core/ancillary freeze
https://www.randomservices.org/random/hypothesis/Normal.html,https://www.randomservices.org/random/interval/index.html,reference,false,outside the bounded core/ancillary freeze
https://www.randomservices.org/random/hypothesis/Normal.html,https://www.randomservices.org/random/point/index.html,reference,false,outside the bounded core/ancillary freeze
https://www.randomservices.org/random/hypothesis/Normal.html,https://www.randomservices.org/random/sample/CLT.html,reference,false,outside the bounded core/ancillary freeze
https://www.randomservices.org/random/hypothesis/Normal.html,https://www.randomservices.org/random/sample/Introduction.html,reference,false,outside the bounded core/ancillary freeze
https://www.randomservices.org/random/hypothesis/Normal.html,https://www.randomservices.org/random/sample/LLN.html,reference,false,outside the bounded core/ancillary freeze
https://www.randomservices.org/random/hypothesis/Normal.html,https://www.randomservices.org/random/sample/Normal.html,reference,false,outside the bounded core/ancillary freeze
https://www.randomservices.org/random/hypothesis/Normal.html,https://www.randomservices.org/random/sample/Variance.html,reference,false,outside the bounded core/ancillary freeze
https://www.randomservices.org/random/hypothesis/Normal.html,https://www.randomservices.org/random/special/ChiSquare.html,reference,false,outside the bounded core/ancillary freeze
https://www.randomservices.org/random/hypothesis/Normal.html,https://www.randomservices.org/random/special/Gamma.html,reference,false,outside the bounded core/ancillary freeze
https://www.randomservices.org/random/hypothesis/Normal.html,https://www.randomservices.org/random/special/Normal.html,reference,false,outside the bounded core/ancillary freeze
https://www.randomservices.org/random/hypothesis/Normal.html,https://www.randomservices.org/random/special/Student.html,reference,false,outside the bounded core/ancillary freeze
https://www.randomservices.org/random/hypothesis/index.html,http://mathworld.wolfram.com/topics/ProbabilityandStatistics.html,reference,false,outside the bounded core/ancillary freeze
https://www.randomservices.org/random/hypothesis/index.html,"http://www.google.com/search?q=An+Introduction+to+Mathematical+Statistics,Larsen,Marx",reference,false,outside the bounded core/ancillary freeze
https://www.randomservices.org/random/hypothesis/index.html,"http://www.google.com/search?q=Elementary+Statistics,Triola",reference,false,outside the bounded core/ancillary freeze
https://www.randomservices.org/random/hypothesis/index.html,"http://www.google.com/search?q=Introduction+to+Probability+and+Mathematical+Statistics,+Bain,+Engelhardt",reference,false,outside the bounded core/ancillary freeze
https://www.randomservices.org/random/hypothesis/index.html,"http://www.google.com/search?q=Introductory+Statistics,Weiss",reference,false,outside the bounded core/ancillary freeze
https://www.randomservices.org/random/hypothesis/index.html,http://www.google.com/search?q=Statistical+Inference+Casella+Berger,reference,false,outside the bounded core/ancillary freeze
https://www.randomservices.org/random/hypothesis/index.html,"http://www.google.com/search?q=Statistics,Freedman,Pisani,Purves",reference,false,outside the bounded core/ancillary freeze
https://www.randomservices.org/random/hypothesis/index.html,https://en.wikipedia.org/wiki/Portal:Statistics,reference,false,outside the bounded core/ancillary freeze
https://www.randomservices.org/random/hypothesis/index.html,https://www.randomservices.org/random/Basic.js,asset,true,
https://www.randomservices.org/random/hypothesis/index.html,https://www.randomservices.org/random/Screen.css,asset,true,
https://www.randomservices.org/random/hypothesis/index.html,https://www.randomservices.org/random/apps/DiceFit.html,ancillary,true,
https://www.randomservices.org/random/hypothesis/index.html,https://www.randomservices.org/random/apps/MeanTest.html,ancillary,true,
https://www.randomservices.org/random/hypothesis/index.html,https://www.randomservices.org/random/apps/ProbabilityPlot.html,ancillary,true,
https://www.randomservices.org/random/hypothesis/index.html,https://www.randomservices.org/random/apps/ProportionTest.html,ancillary,true,
https://www.randomservices.org/random/hypothesis/index.html,https://www.randomservices.org/random/apps/QuantileApp.html,ancillary,true,
https://www.randomservices.org/random/hypothesis/index.html,https://www.randomservices.org/random/apps/SignTest.html,ancillary,true,
https://www.randomservices.org/random/hypothesis/index.html,https://www.randomservices.org/random/apps/VarianceTestExperiment.html,ancillary,false,fetch failed for https://www.randomservices.org/random/apps/VarianceTestExperiment.html: HTTP Error 404: Not Found
https://www.randomservices.org/random/hypothesis/index.html,https://www.randomservices.org/random/apps/index.html,ancillary,true,
https://www.randomservices.org/random/hypothesis/index.html,https://www.randomservices.org/random/bernoulli/index.html,reference,false,outside the bounded core/ancillary freeze
https://www.randomservices.org/random/hypothesis/index.html,https://www.randomservices.org/random/biographies/James.html,ancillary,true,
https://www.randomservices.org/random/hypothesis/index.html,https://www.randomservices.org/random/biographies/index.html,ancillary,true,
https://www.randomservices.org/random/hypothesis/index.html,https://www.randomservices.org/random/brown/index.html,reference,false,outside the bounded core/ancillary freeze
https://www.randomservices.org/random/hypothesis/index.html,https://www.randomservices.org/random/buffon/index.html,reference,false,outside the bounded core/ancillary freeze
https://www.randomservices.org/random/hypothesis/index.html,https://www.randomservices.org/random/data/index.html,ancillary,true,
https://www.randomservices.org/random/hypothesis/index.html,https://www.randomservices.org/random/dist/index.html,reference,false,outside the bounded core/ancillary freeze
https://www.randomservices.org/random/hypothesis/index.html,https://www.randomservices.org/random/expect/index.html,reference,false,outside the bounded core/ancillary freeze
https://www.randomservices.org/random/hypothesis/index.html,https://www.randomservices.org/random/foundations/index.html,reference,false,outside the bounded core/ancillary freeze
https://www.randomservices.org/random/hypothesis/index.html,https://www.randomservices.org/random/games/index.html,reference,false,outside the bounded core/ancillary freeze
https://www.randomservices.org/random/hypothesis/index.html,https://www.randomservices.org/random/hypothesis/Bernoulli.html,reference,false,outside the bounded core/ancillary freeze
https://www.randomservices.org/random/hypothesis/index.html,https://www.randomservices.org/random/hypothesis/BivariateNormal.html,reference,false,outside the bounded core/ancillary freeze
https://www.randomservices.org/random/hypothesis/index.html,https://www.randomservices.org/random/hypothesis/ChiSquare.html,reference,false,outside the bounded core/ancillary freeze
https://www.randomservices.org/random/hypothesis/index.html,https://www.randomservices.org/random/hypothesis/Introduction.html,reference,false,outside the bounded core/ancillary freeze
https://www.randomservices.org/random/hypothesis/index.html,https://www.randomservices.org/random/hypothesis/Likelihood.html,reference,false,outside the bounded core/ancillary freeze
https://www.randomservices.org/random/hypothesis/index.html,https://www.randomservices.org/random/hypothesis/Normal.html,reference,false,outside the bounded core/ancillary freeze
https://www.randomservices.org/random/hypothesis/index.html,https://www.randomservices.org/random/icons/Icon.svg,asset,true,
https://www.randomservices.org/random/hypothesis/index.html,https://www.randomservices.org/random/index.html,reference,false,outside the bounded core/ancillary freeze
https://www.randomservices.org/random/hypothesis/index.html,https://www.randomservices.org/random/interval/index.html,reference,false,outside the bounded core/ancillary freeze
https://www.randomservices.org/random/hypothesis/index.html,https://www.randomservices.org/random/markov/index.html,reference,false,outside the bounded core/ancillary freeze
https://www.randomservices.org/random/hypothesis/index.html,https://www.randomservices.org/random/martingales/index.html,reference,false,outside the bounded core/ancillary freeze
https://www.randomservices.org/random/hypothesis/index.html,https://www.randomservices.org/random/point/index.html,reference,false,outside the bounded core/ancillary freeze
https://www.randomservices.org/random/hypothesis/index.html,https://www.randomservices.org/random/poisson/index.html,reference,false,outside the bounded core/ancillary freeze
https://www.randomservices.org/random/hypothesis/index.html,https://www.randomservices.org/random/prob/index.html,reference,false,outside the bounded core/ancillary freeze
https://www.randomservices.org/random/hypothesis/index.html,https://www.randomservices.org/random/renewal/index.html,reference,false,outside the bounded core/ancillary freeze
https://www.randomservices.org/random/hypothesis/index.html,https://www.randomservices.org/random/sample/index.html,reference,false,outside the bounded core/ancillary freeze
https://www.randomservices.org/random/hypothesis/index.html,https://www.randomservices.org/random/special/index.html,reference,false,outside the bounded core/ancillary freeze
https://www.randomservices.org/random/hypothesis/index.html,https://www.randomservices.org/random/urn/index.html,reference,false,outside the bounded core/ancillary freeze
https://www.randomservices.org/random/index.html,http://creativecommons.org/licenses/by/2.0/,reference,false,outside the bounded core/ancillary freeze
https://www.randomservices.org/random/index.html,http://www.mathjax.org,reference,false,outside the bounded core/ancillary freeze
https://www.randomservices.org/random/index.html,http://www.nsf.gov,reference,false,outside the bounded core/ancillary freeze
https://www.randomservices.org/random/index.html,http://www.randomservices.org/random/,reference,false,outside the bounded core/ancillary freeze
https://www.randomservices.org/random/index.html,http://www.uah.edu/,reference,false,outside the bounded core/ancillary freeze
https://www.randomservices.org/random/index.html,https://www.googletagmanager.com/gtag/js?id=UA-65822159-1,asset,false,
https://www.randomservices.org/random/index.html,https://www.randomservices.org/random/Basic.js,asset,true,
https://www.randomservices.org/random/index.html,https://www.randomservices.org/random/Credits.html,reference,false,outside the bounded core/ancillary freeze
https://www.randomservices.org/random/index.html,https://www.randomservices.org/random/Introduction.html,reference,false,outside the bounded core/ancillary freeze
https://www.randomservices.org/random/index.html,https://www.randomservices.org/random/Resources.html,reference,false,outside the bounded core/ancillary freeze
https://www.randomservices.org/random/index.html,https://www.randomservices.org/random/Screen.css,asset,true,
https://www.randomservices.org/random/index.html,https://www.randomservices.org/random/apps/index.html,ancillary,true,
https://www.randomservices.org/random/index.html,https://www.randomservices.org/random/bernoulli/BetaBernoulli.html,reference,false,outside the bounded core/ancillary freeze
https://www.randomservices.org/random/index.html,https://www.randomservices.org/random/bernoulli/Binomial.html,reference,false,outside the bounded core/ancillary freeze
https://www.randomservices.org/random/index.html,https://www.randomservices.org/random/bernoulli/Geometric.html,reference,false,outside the bounded core/ancillary freeze
https://www.randomservices.org/random/index.html,https://www.randomservices.org/random/bernoulli/Introduction.html,reference,false,outside the bounded core/ancillary freeze
https://www.randomservices.org/random/index.html,https://www.randomservices.org/random/bernoulli/Multinomial.html,reference,false,outside the bounded core/ancillary freeze
https://www.randomservices.org/random/index.html,https://www.randomservices.org/random/bernoulli/NegativeBinomial.html,reference,false,outside the bounded core/ancillary freeze
https://www.randomservices.org/random/index.html,https://www.randomservices.org/random/bernoulli/Walk.html,reference,false,outside the bounded core/ancillary freeze
https://www.randomservices.org/random/index.html,https://www.randomservices.org/random/bernoulli/index.html,reference,false,outside the bounded core/ancillary freeze
https://www.randomservices.org/random/index.html,https://www.randomservices.org/random/biographies/Hutchins.html,ancillary,true,
https://www.randomservices.org/random/index.html,https://www.randomservices.org/random/biographies/index.html,ancillary,true,
https://www.randomservices.org/random/index.html,https://www.randomservices.org/random/brown/Bridge.html,reference,false,outside the bounded core/ancillary freeze
https://www.randomservices.org/random/index.html,https://www.randomservices.org/random/brown/Drift.html,reference,false,outside the bounded core/ancillary freeze
https://www.randomservices.org/random/index.html,https://www.randomservices.org/random/brown/Geometric.html,reference,false,outside the bounded core/ancillary freeze
https://www.randomservices.org/random/index.html,https://www.randomservices.org/random/brown/Standard.html,reference,false,outside the bounded core/ancillary freeze
https://www.randomservices.org/random/index.html,https://www.randomservices.org/random/brown/index.html,reference,false,outside the bounded core/ancillary freeze
https://www.randomservices.org/random/index.html,https://www.randomservices.org/random/buffon/Bertrand.html,reference,false,outside the bounded core/ancillary freeze
https://www.randomservices.org/random/index.html,https://www.randomservices.org/random/buffon/Buffon.html,reference,false,outside the bounded core/ancillary freeze
https://www.randomservices.org/random/index.html,https://www.randomservices.org/random/buffon/Triangles.html,reference,false,outside the bounded core/ancillary freeze
https://www.randomservices.org/random/index.html,https://www.randomservices.org/random/buffon/index.html,reference,false,outside the bounded core/ancillary freeze
https://www.randomservices.org/random/index.html,https://www.randomservices.org/random/data/index.html,ancillary,true,
https://www.randomservices.org/random/index.html,https://www.randomservices.org/random/dist/CDF.html,reference,false,outside the bounded core/ancillary freeze
https://www.randomservices.org/random/index.html,https://www.randomservices.org/random/dist/Conditional.html,reference,false,outside the bounded core/ancillary freeze
https://www.randomservices.org/random/index.html,https://www.randomservices.org/random/dist/Continuous.html,reference,false,outside the bounded core/ancillary freeze
https://www.randomservices.org/random/index.html,https://www.randomservices.org/random/dist/Convergence.html,reference,false,outside the bounded core/ancillary freeze
https://www.randomservices.org/random/index.html,https://www.randomservices.org/random/dist/Discrete.html,reference,false,outside the bounded core/ancillary freeze
https://www.randomservices.org/random/index.html,https://www.randomservices.org/random/dist/Introduction.html,reference,false,outside the bounded core/ancillary freeze
https://www.randomservices.org/random/index.html,https://www.randomservices.org/random/dist/Joint.html,reference,false,outside the bounded core/ancillary freeze
https://www.randomservices.org/random/index.html,https://www.randomservices.org/random/dist/Mixed.html,reference,false,outside the bounded core/ancillary freeze
https://www.randomservices.org/random/index.html,https://www.randomservices.org/random/dist/Transformations.html,reference,false,outside the bounded core/ancillary freeze
https://www.randomservices.org/random/index.html,https://www.randomservices.org/random/dist/index.html,reference,false,outside the bounded core/ancillary freeze
https://www.randomservices.org/random/index.html,https://www.randomservices.org/random/expect/Conditional.html,reference,false,outside the bounded core/ancillary freeze
https://www.randomservices.org/random/index.html,https://www.randomservices.org/random/expect/Conditional2.html,reference,false,outside the bounded core/ancillary freeze
https://www.randomservices.org/random/index.html,https://www.randomservices.org/random/expect/Covariance.html,reference,false,outside the bounded core/ancillary freeze
https://www.randomservices.org/random/index.html,https://www.randomservices.org/random/expect/Generating.html,reference,false,outside the bounded core/ancillary freeze
https://www.randomservices.org/random/index.html,https://www.randomservices.org/random/expect/Integral.html,reference,false,outside the bounded core/ancillary freeze
https://www.randomservices.org/random/index.html,https://www.randomservices.org/random/expect/Kernels.html,reference,false,outside the bounded core/ancillary freeze
https://www.randomservices.org/random/index.html,https://www.randomservices.org/random/expect/Matrices.html,reference,false,outside the bounded core/ancillary freeze
https://www.randomservices.org/random/index.html,https://www.randomservices.org/random/expect/Properties.html,reference,false,outside the bounded core/ancillary freeze
https://www.randomservices.org/random/index.html,https://www.randomservices.org/random/expect/Properties2.html,reference,false,outside the bounded core/ancillary freeze
https://www.randomservices.org/random/index.html,https://www.randomservices.org/random/expect/Skew.html,reference,false,outside the bounded core/ancillary freeze
https://www.randomservices.org/random/index.html,https://www.randomservices.org/random/expect/Spaces.html,reference,false,outside the bounded core/ancillary freeze
https://www.randomservices.org/random/index.html,https://www.randomservices.org/random/expect/Uniform.html,reference,false,outside the bounded core/ancillary freeze
https://www.randomservices.org/random/index.html,https://www.randomservices.org/random/expect/Variance.html,reference,false,outside the bounded core/ancillary freeze
https://www.randomservices.org/random/index.html,https://www.randomservices.org/random/expect/index.html,reference,false,outside the bounded core/ancillary freeze
https://www.randomservices.org/random/index.html,https://www.randomservices.org/random/foundations/Cardinality.html,reference,false,outside the bounded core/ancillary freeze
https://www.randomservices.org/random/index.html,https://www.randomservices.org/random/foundations/Counting.html,reference,false,outside the bounded core/ancillary freeze
https://www.randomservices.org/random/index.html,https://www.randomservices.org/random/foundations/Density.html,reference,false,outside the bounded core/ancillary freeze
https://www.randomservices.org/random/index.html,https://www.randomservices.org/random/foundations/Equivalence.html,reference,false,outside the bounded core/ancillary freeze
https://www.randomservices.org/random/index.html,https://www.randomservices.org/random/foundations/Existence.html,reference,false,outside the bounded core/ancillary freeze
https://www.randomservices.org/random/index.html,https://www.randomservices.org/random/foundations/Functions.html,reference,false,outside the bounded core/ancillary freeze
https://www.randomservices.org/random/index.html,https://www.randomservices.org/random/foundations/General.html,reference,false,outside the bounded core/ancillary freeze
https://www.randomservices.org/random/index.html,https://www.randomservices.org/random/foundations/Integral.html,reference,false,outside the bounded core/ancillary freeze
https://www.randomservices.org/random/index.html,https://www.randomservices.org/random/foundations/Measurable.html,reference,false,outside the bounded core/ancillary freeze
https://www.randomservices.org/random/index.html,https://www.randomservices.org/random/foundations/Measure.html,reference,false,outside the bounded core/ancillary freeze
https://www.randomservices.org/random/index.html,https://www.randomservices.org/random/foundations/Metric.html,reference,false,outside the bounded core/ancillary freeze
https://www.randomservices.org/random/index.html,https://www.randomservices.org/random/foundations/Order.html,reference,false,outside the bounded core/ancillary freeze
https://www.randomservices.org/random/index.html,https://www.randomservices.org/random/foundations/Other.html,reference,false,outside the bounded core/ancillary freeze
https://www.randomservices.org/random/index.html,https://www.randomservices.org/random/foundations/Properties.html,reference,false,outside the bounded core/ancillary freeze
https://www.randomservices.org/random/index.html,https://www.randomservices.org/random/foundations/Relations.html,reference,false,outside the bounded core/ancillary freeze
https://www.randomservices.org/random/index.html,https://www.randomservices.org/random/foundations/Sets.html,reference,false,outside the bounded core/ancillary freeze
https://www.randomservices.org/random/index.html,https://www.randomservices.org/random/foundations/Spaces.html,reference,false,outside the bounded core/ancillary freeze
https://www.randomservices.org/random/index.html,https://www.randomservices.org/random/foundations/Structures.html,reference,false,outside the bounded core/ancillary freeze
https://www.randomservices.org/random/index.html,https://www.randomservices.org/random/foundations/Topology.html,reference,false,outside the bounded core/ancillary freeze
https://www.randomservices.org/random/index.html,https://www.randomservices.org/random/foundations/index.html,reference,false,outside the bounded core/ancillary freeze
https://www.randomservices.org/random/index.html,https://www.randomservices.org/random/games/Bold.html,reference,false,outside the bounded core/ancillary freeze
https://www.randomservices.org/random/index.html,https://www.randomservices.org/random/games/Bridge.html,reference,false,outside the bounded core/ancillary freeze
https://www.randomservices.org/random/index.html,https://www.randomservices.org/random/games/Craps.html,reference,false,outside the bounded core/ancillary freeze
https://www.randomservices.org/random/index.html,https://www.randomservices.org/random/games/Introduction.html,reference,false,outside the bounded core/ancillary freeze
https://www.randomservices.org/random/index.html,https://www.randomservices.org/random/games/Lotteries.html,reference,false,outside the bounded core/ancillary freeze
https://www.randomservices.org/random/index.html,https://www.randomservices.org/random/games/MontyHall.html,reference,false,outside the bounded core/ancillary freeze
https://www.randomservices.org/random/index.html,https://www.randomservices.org/random/games/Optimal.html,reference,false,outside the bounded core/ancillary freeze
https://www.randomservices.org/random/index.html,https://www.randomservices.org/random/games/Poker.html,reference,false,outside the bounded core/ancillary freeze
https://www.randomservices.org/random/index.html,https://www.randomservices.org/random/games/PokerDice.html,reference,false,outside the bounded core/ancillary freeze
https://www.randomservices.org/random/index.html,https://www.randomservices.org/random/games/RedBlack.html,reference,false,outside the bounded core/ancillary freeze
https://www.randomservices.org/random/index.html,https://www.randomservices.org/random/games/Roulette.html,reference,false,outside the bounded core/ancillary freeze
https://www.randomservices.org/random/index.html,https://www.randomservices.org/random/games/Timid.html,reference,false,outside the bounded core/ancillary freeze
https://www.randomservices.org/random/index.html,https://www.randomservices.org/random/games/index.html,reference,false,outside the bounded core/ancillary freeze
https://www.randomservices.org/random/index.html,https://www.randomservices.org/random/hypothesis/Bernoulli.html,reference,false,outside the bounded core/ancillary freeze
https://www.randomservices.org/random/index.html,https://www.randomservices.org/random/hypothesis/BivariateNormal.html,reference,false,outside the bounded core/ancillary freeze
https://www.randomservices.org/random/index.html,https://www.randomservices.org/random/hypothesis/ChiSquare.html,reference,false,outside the bounded core/ancillary freeze
https://www.randomservices.org/random/index.html,https://www.randomservices.org/random/hypothesis/Introduction.html,reference,false,outside the bounded core/ancillary freeze
https://www.randomservices.org/random/index.html,https://www.randomservices.org/random/hypothesis/Likelihood.html,reference,false,outside the bounded core/ancillary freeze
https://www.randomservices.org/random/index.html,https://www.randomservices.org/random/hypothesis/Normal.html,reference,false,outside the bounded core/ancillary freeze
https://www.randomservices.org/random/index.html,https://www.randomservices.org/random/hypothesis/index.html,reference,false,outside the bounded core/ancillary freeze
https://www.randomservices.org/random/index.html,https://www.randomservices.org/random/icons/Icon.svg,asset,true,
https://www.randomservices.org/random/index.html,https://www.randomservices.org/random/icons/Minus.svg,asset,true,
https://www.randomservices.org/random/index.html,https://www.randomservices.org/random/icons/Plus.svg,asset,true,
https://www.randomservices.org/random/index.html,https://www.randomservices.org/random/interval/Bayes.html,reference,false,outside the bounded core/ancillary freeze
https://www.randomservices.org/random/index.html,https://www.randomservices.org/random/interval/Bernoulli.html,reference,false,outside the bounded core/ancillary freeze
https://www.randomservices.org/random/index.html,https://www.randomservices.org/random/interval/BivariateNormal.html,reference,false,outside the bounded core/ancillary freeze
https://www.randomservices.org/random/index.html,https://www.randomservices.org/random/interval/Introduction.html,reference,false,outside the bounded core/ancillary freeze
https://www.randomservices.org/random/index.html,https://www.randomservices.org/random/interval/Normal.html,reference,false,outside the bounded core/ancillary freeze
https://www.randomservices.org/random/index.html,https://www.randomservices.org/random/interval/index.html,reference,false,outside the bounded core/ancillary freeze
https://www.randomservices.org/random/index.html,https://www.randomservices.org/random/markov/BernoulliLaplace.html,reference,false,outside the bounded core/ancillary freeze
https://www.randomservices.org/random/index.html,https://www.randomservices.org/random/markov/BirthDeath.html,reference,false,outside the bounded core/ancillary freeze
https://www.randomservices.org/random/index.html,https://www.randomservices.org/random/markov/BirthDeath2.html,reference,false,outside the bounded core/ancillary freeze
https://www.randomservices.org/random/index.html,https://www.randomservices.org/random/markov/Branching.html,reference,false,outside the bounded core/ancillary freeze
https://www.randomservices.org/random/index.html,https://www.randomservices.org/random/markov/Branching2.html,reference,false,outside the bounded core/ancillary freeze
https://www.randomservices.org/random/index.html,https://www.randomservices.org/random/markov/Continuous.html,reference,false,outside the bounded core/ancillary freeze
https://www.randomservices.org/random/index.html,https://www.randomservices.org/random/markov/Discrete.html,reference,false,outside the bounded core/ancillary freeze
https://www.randomservices.org/random/index.html,https://www.randomservices.org/random/markov/Ehrenfest.html,reference,false,outside the bounded core/ancillary freeze
https://www.randomservices.org/random/index.html,https://www.randomservices.org/random/markov/General.html,reference,false,outside the bounded core/ancillary freeze
https://www.randomservices.org/random/index.html,https://www.randomservices.org/random/markov/Limiting.html,reference,false,outside the bounded core/ancillary freeze
https://www.randomservices.org/random/index.html,https://www.randomservices.org/random/markov/Limiting2.html,reference,false,outside the bounded core/ancillary freeze
https://www.randomservices.org/random/index.html,https://www.randomservices.org/random/markov/Periodicity.html,reference,false,outside the bounded core/ancillary freeze
https://www.randomservices.org/random/index.html,https://www.randomservices.org/random/markov/Poisson.html,reference,false,outside the bounded core/ancillary freeze
https://www.randomservices.org/random/index.html,https://www.randomservices.org/random/markov/Potentials.html,reference,false,outside the bounded core/ancillary freeze
https://www.randomservices.org/random/index.html,https://www.randomservices.org/random/markov/Potentials2.html,reference,false,outside the bounded core/ancillary freeze
https://www.randomservices.org/random/index.html,https://www.randomservices.org/random/markov/Queuing.html,reference,false,outside the bounded core/ancillary freeze
https://www.randomservices.org/random/index.html,https://www.randomservices.org/random/markov/Queuing2.html,reference,false,outside the bounded core/ancillary freeze
https://www.randomservices.org/random/index.html,https://www.randomservices.org/random/markov/Recurrence.html,reference,false,outside the bounded core/ancillary freeze
https://www.randomservices.org/random/index.html,https://www.randomservices.org/random/markov/Reliability.html,reference,false,outside the bounded core/ancillary freeze
https://www.randomservices.org/random/index.html,https://www.randomservices.org/random/markov/TimeReversal.html,reference,false,outside the bounded core/ancillary freeze
https://www.randomservices.org/random/index.html,https://www.randomservices.org/random/markov/TimeReversal2.html,reference,false,outside the bounded core/ancillary freeze
https://www.randomservices.org/random/index.html,https://www.randomservices.org/random/markov/Transition.html,reference,false,outside the bounded core/ancillary freeze
https://www.randomservices.org/random/index.html,https://www.randomservices.org/random/markov/WalkGraph.html,reference,false,outside the bounded core/ancillary freeze
https://www.randomservices.org/random/index.html,https://www.randomservices.org/random/markov/index.html,reference,false,outside the bounded core/ancillary freeze
https://www.randomservices.org/random/index.html,https://www.randomservices.org/random/martingales/Backwards.html,reference,false,outside the bounded core/ancillary freeze
https://www.randomservices.org/random/index.html,https://www.randomservices.org/random/martingales/Convergence.html,reference,false,outside the bounded core/ancillary freeze
https://www.randomservices.org/random/index.html,https://www.randomservices.org/random/martingales/Inequalities.html,reference,false,outside the bounded core/ancillary freeze
https://www.randomservices.org/random/index.html,https://www.randomservices.org/random/martingales/Introduction.html,reference,false,outside the bounded core/ancillary freeze
https://www.randomservices.org/random/index.html,https://www.randomservices.org/random/martingales/Properties.html,reference,false,outside the bounded core/ancillary freeze
https://www.randomservices.org/random/index.html,https://www.randomservices.org/random/martingales/Stop.html,reference,false,outside the bounded core/ancillary freeze
https://www.randomservices.org/random/index.html,https://www.randomservices.org/random/martingales/index.html,reference,false,outside the bounded core/ancillary freeze
https://www.randomservices.org/random/index.html,https://www.randomservices.org/random/point/Bayes.html,reference,false,outside the bounded core/ancillary freeze
https://www.randomservices.org/random/index.html,https://www.randomservices.org/random/point/Estimators.html,reference,false,outside the bounded core/ancillary freeze
https://www.randomservices.org/random/index.html,https://www.randomservices.org/random/point/Likelihood.html,reference,false,outside the bounded core/ancillary freeze
https://www.randomservices.org/random/index.html,https://www.randomservices.org/random/point/Moments.html,reference,false,outside the bounded core/ancillary freeze
https://www.randomservices.org/random/index.html,https://www.randomservices.org/random/point/Sufficient.html,reference,false,outside the bounded core/ancillary freeze
https://www.randomservices.org/random/index.html,https://www.randomservices.org/random/point/Unbiased.html,reference,false,outside the bounded core/ancillary freeze
https://www.randomservices.org/random/index.html,https://www.randomservices.org/random/point/index.html,reference,false,outside the bounded core/ancillary freeze
https://www.randomservices.org/random/index.html,https://www.randomservices.org/random/poisson/Compound.html,reference,false,outside the bounded core/ancillary freeze
https://www.randomservices.org/random/index.html,https://www.randomservices.org/random/poisson/Exponential.html,reference,false,outside the bounded core/ancillary freeze
https://www.randomservices.org/random/index.html,https://www.randomservices.org/random/poisson/Gamma.html,reference,false,outside the bounded core/ancillary freeze
https://www.randomservices.org/random/index.html,https://www.randomservices.org/random/poisson/General.html,reference,false,outside the bounded core/ancillary freeze
https://www.randomservices.org/random/index.html,https://www.randomservices.org/random/poisson/Introduction.html,reference,false,outside the bounded core/ancillary freeze
https://www.randomservices.org/random/index.html,https://www.randomservices.org/random/poisson/Nonhomogeneous.html,reference,false,outside the bounded core/ancillary freeze
https://www.randomservices.org/random/index.html,https://www.randomservices.org/random/poisson/Poisson.html,reference,false,outside the bounded core/ancillary freeze
https://www.randomservices.org/random/index.html,https://www.randomservices.org/random/poisson/Splitting.html,reference,false,outside the bounded core/ancillary freeze
https://www.randomservices.org/random/index.html,https://www.randomservices.org/random/poisson/index.html,reference,false,outside the bounded core/ancillary freeze
https://www.randomservices.org/random/index.html,https://www.randomservices.org/random/prob/Conditional.html,reference,false,outside the bounded core/ancillary freeze
https://www.randomservices.org/random/index.html,https://www.randomservices.org/random/prob/Convergence.html,reference,false,outside the bounded core/ancillary freeze
https://www.randomservices.org/random/index.html,https://www.randomservices.org/random/prob/Events.html,reference,false,outside the bounded core/ancillary freeze
https://www.randomservices.org/random/index.html,https://www.randomservices.org/random/prob/Experiments.html,reference,false,outside the bounded core/ancillary freeze
https://www.randomservices.org/random/index.html,https://www.randomservices.org/random/prob/Independence.html,reference,false,outside the bounded core/ancillary freeze
https://www.randomservices.org/random/index.html,https://www.randomservices.org/random/prob/Probability.html,reference,false,outside the bounded core/ancillary freeze
https://www.randomservices.org/random/index.html,https://www.randomservices.org/random/prob/Probability2.html,reference,false,outside the bounded core/ancillary freeze
https://www.randomservices.org/random/index.html,https://www.randomservices.org/random/prob/Processes.html,reference,false,outside the bounded core/ancillary freeze
https://www.randomservices.org/random/index.html,https://www.randomservices.org/random/prob/Stop.html,reference,false,outside the bounded core/ancillary freeze
https://www.randomservices.org/random/index.html,https://www.randomservices.org/random/prob/index.html,reference,false,outside the bounded core/ancillary freeze
https://www.randomservices.org/random/index.html,https://www.randomservices.org/random/renewal/Alternating.html,reference,false,outside the bounded core/ancillary freeze
https://www.randomservices.org/random/index.html,https://www.randomservices.org/random/renewal/Delayed.html,reference,false,outside the bounded core/ancillary freeze
https://www.randomservices.org/random/index.html,https://www.randomservices.org/random/renewal/Equations.html,reference,false,outside the bounded core/ancillary freeze
https://www.randomservices.org/random/index.html,https://www.randomservices.org/random/renewal/Introduction.html,reference,false,outside the bounded core/ancillary freeze
https://www.randomservices.org/random/index.html,https://www.randomservices.org/random/renewal/LimitTheorems.html,reference,false,outside the bounded core/ancillary freeze
https://www.randomservices.org/random/index.html,https://www.randomservices.org/random/renewal/Reward.html,reference,false,outside the bounded core/ancillary freeze
https://www.randomservices.org/random/index.html,https://www.randomservices.org/random/renewal/index.html,reference,false,outside the bounded core/ancillary freeze
https://www.randomservices.org/random/index.html,https://www.randomservices.org/random/sample/CLT.html,reference,false,outside the bounded core/ancillary freeze
https://www.randomservices.org/random/index.html,https://www.randomservices.org/random/sample/Covariance.html,reference,false,outside the bounded core/ancillary freeze
https://www.randomservices.org/random/index.html,https://www.randomservices.org/random/sample/Introduction.html,reference,false,outside the bounded core/ancillary freeze
https://www.randomservices.org/random/index.html,https://www.randomservices.org/random/sample/LLN.html,reference,false,outside the bounded core/ancillary freeze
https://www.randomservices.org/random/index.html,https://www.randomservices.org/random/sample/Mean.html,reference,false,outside the bounded core/ancillary freeze
https://www.randomservices.org/random/index.html,https://www.randomservices.org/random/sample/Normal.html,reference,false,outside the bounded core/ancillary freeze
https://www.randomservices.org/random/index.html,https://www.randomservices.org/random/sample/OrderStatistics.html,reference,false,outside the bounded core/ancillary freeze
https://www.randomservices.org/random/index.html,https://www.randomservices.org/random/sample/Variance.html,reference,false,outside the bounded core/ancillary freeze
https://www.randomservices.org/random/index.html,https://www.randomservices.org/random/sample/index.html,reference,false,outside the bounded core/ancillary freeze
https://www.randomservices.org/random/index.html,https://www.randomservices.org/random/special/Arcsine.html,reference,false,outside the bounded core/ancillary freeze
https://www.randomservices.org/random/index.html,https://www.randomservices.org/random/special/Benford.html,reference,false,outside the bounded core/ancillary freeze
https://www.randomservices.org/random/index.html,https://www.randomservices.org/random/special/Beta.html,reference,false,outside the bounded core/ancillary freeze
https://www.randomservices.org/random/index.html,https://www.randomservices.org/random/special/BetaPrime.html,reference,false,outside the bounded core/ancillary freeze
https://www.randomservices.org/random/index.html,https://www.randomservices.org/random/special/Cauchy.html,reference,false,outside the bounded core/ancillary freeze
https://www.randomservices.org/random/index.html,https://www.randomservices.org/random/special/ChiSquare.html,reference,false,outside the bounded core/ancillary freeze
https://www.randomservices.org/random/index.html,https://www.randomservices.org/random/special/Divisible.html,reference,false,outside the bounded core/ancillary freeze
https://www.randomservices.org/random/index.html,https://www.randomservices.org/random/special/ExponentialLogarithmic.html,reference,false,outside the bounded core/ancillary freeze
https://www.randomservices.org/random/index.html,https://www.randomservices.org/random/special/ExtremeValue.html,reference,false,outside the bounded core/ancillary freeze
https://www.randomservices.org/random/index.html,https://www.randomservices.org/random/special/Fisher.html,reference,false,outside the bounded core/ancillary freeze
https://www.randomservices.org/random/index.html,https://www.randomservices.org/random/special/FoldedNormal.html,reference,false,outside the bounded core/ancillary freeze
https://www.randomservices.org/random/index.html,https://www.randomservices.org/random/special/Gamma.html,reference,false,outside the bounded core/ancillary freeze
https://www.randomservices.org/random/index.html,https://www.randomservices.org/random/special/GeneralExponential.html,reference,false,outside the bounded core/ancillary freeze
https://www.randomservices.org/random/index.html,https://www.randomservices.org/random/special/Gompertz.html,reference,false,outside the bounded core/ancillary freeze
https://www.randomservices.org/random/index.html,https://www.randomservices.org/random/special/HyperbolicSecant.html,reference,false,outside the bounded core/ancillary freeze
https://www.randomservices.org/random/index.html,https://www.randomservices.org/random/special/IrwinHall.html,reference,false,outside the bounded core/ancillary freeze
https://www.randomservices.org/random/index.html,https://www.randomservices.org/random/special/Laplace.html,reference,false,outside the bounded core/ancillary freeze
https://www.randomservices.org/random/index.html,https://www.randomservices.org/random/special/Levy.html,reference,false,outside the bounded core/ancillary freeze
https://www.randomservices.org/random/index.html,https://www.randomservices.org/random/special/LocationScale.html,reference,false,outside the bounded core/ancillary freeze
https://www.randomservices.org/random/index.html,https://www.randomservices.org/random/special/LogLogistic.html,reference,false,outside the bounded core/ancillary freeze
https://www.randomservices.org/random/index.html,https://www.randomservices.org/random/special/LogNormal.html,reference,false,outside the bounded core/ancillary freeze
https://www.randomservices.org/random/index.html,https://www.randomservices.org/random/special/Logarithmic.html,reference,false,outside the bounded core/ancillary freeze
https://www.randomservices.org/random/index.html,https://www.randomservices.org/random/special/Logistic.html,reference,false,outside the bounded core/ancillary freeze
https://www.randomservices.org/random/index.html,https://www.randomservices.org/random/special/Maxwell.html,reference,false,outside the bounded core/ancillary freeze
https://www.randomservices.org/random/index.html,https://www.randomservices.org/random/special/MultiNormal.html,reference,false,outside the bounded core/ancillary freeze
https://www.randomservices.org/random/index.html,https://www.randomservices.org/random/special/Normal.html,reference,false,outside the bounded core/ancillary freeze
https://www.randomservices.org/random/index.html,https://www.randomservices.org/random/special/Pareto.html,reference,false,outside the bounded core/ancillary freeze
https://www.randomservices.org/random/index.html,https://www.randomservices.org/random/special/PowerSeries.html,reference,false,outside the bounded core/ancillary freeze
https://www.randomservices.org/random/index.html,https://www.randomservices.org/random/special/Rayleigh.html,reference,false,outside the bounded core/ancillary freeze
https://www.randomservices.org/random/index.html,https://www.randomservices.org/random/special/Semicircle.html,reference,false,outside the bounded core/ancillary freeze
https://www.randomservices.org/random/index.html,https://www.randomservices.org/random/special/Sine.html,reference,false,outside the bounded core/ancillary freeze
https://www.randomservices.org/random/index.html,https://www.randomservices.org/random/special/Stable.html,reference,false,outside the bounded core/ancillary freeze
https://www.randomservices.org/random/index.html,https://www.randomservices.org/random/special/Student.html,reference,false,outside the bounded core/ancillary freeze
https://www.randomservices.org/random/index.html,https://www.randomservices.org/random/special/Triangle.html,reference,false,outside the bounded core/ancillary freeze
https://www.randomservices.org/random/index.html,https://www.randomservices.org/random/special/UPower.html,reference,false,outside the bounded core/ancillary freeze
https://www.randomservices.org/random/index.html,https://www.randomservices.org/random/special/Uniform.html,reference,false,outside the bounded core/ancillary freeze
https://www.randomservices.org/random/index.html,https://www.randomservices.org/random/special/UniformContinuous.html,reference,false,outside the bounded core/ancillary freeze
https://www.randomservices.org/random/index.html,https://www.randomservices.org/random/special/UniformDiscrete.html,reference,false,outside the bounded core/ancillary freeze
https://www.randomservices.org/random/index.html,https://www.randomservices.org/random/special/Wald.html,reference,false,outside the bounded core/ancillary freeze
https://www.randomservices.org/random/index.html,https://www.randomservices.org/random/special/Weibull.html,reference,false,outside the bounded core/ancillary freeze
https://www.randomservices.org/random/index.html,https://www.randomservices.org/random/special/Zeta.html,reference,false,outside the bounded core/ancillary freeze
https://www.randomservices.org/random/index.html,https://www.randomservices.org/random/special/index.html,reference,false,outside the bounded core/ancillary freeze
https://www.randomservices.org/random/index.html,https://www.randomservices.org/random/urn/Birthday.html,reference,false,outside the bounded core/ancillary freeze
https://www.randomservices.org/random/index.html,https://www.randomservices.org/random/urn/Coupon.html,reference,false,outside the bounded core/ancillary freeze
https://www.randomservices.org/random/index.html,https://www.randomservices.org/random/urn/Hypergeometric.html,reference,false,outside the bounded core/ancillary freeze
https://www.randomservices.org/random/index.html,https://www.randomservices.org/random/urn/Introduction.html,reference,false,outside the bounded core/ancillary freeze
https://www.randomservices.org/random/index.html,https://www.randomservices.org/random/urn/Matching.html,reference,false,outside the bounded core/ancillary freeze
https://www.randomservices.org/random/index.html,https://www.randomservices.org/random/urn/MultiHypergeometric.html,reference,false,outside the bounded core/ancillary freeze
https://www.randomservices.org/random/index.html,https://www.randomservices.org/random/urn/OrderStatistics.html,reference,false,outside the bounded core/ancillary freeze
https://www.randomservices.org/random/index.html,https://www.randomservices.org/random/urn/Polya.html,reference,false,outside the bounded core/ancillary freeze
https://www.randomservices.org/random/index.html,https://www.randomservices.org/random/urn/Secretary.html,reference,false,outside the bounded core/ancillary freeze
https://www.randomservices.org/random/index.html,https://www.randomservices.org/random/urn/index.html,reference,false,outside the bounded core/ancillary freeze
https://www.randomservices.org/random/interval/Bayes.html,https://www.randomservices.org/MathJax/tex-svg.js,asset,true,
https://www.randomservices.org/random/interval/Bayes.html,https://www.randomservices.org/random/Basic.js,asset,true,
https://www.randomservices.org/random/interval/Bayes.html,https://www.randomservices.org/random/Screen.css,asset,true,
https://www.randomservices.org/random/interval/Bayes.html,https://www.randomservices.org/random/apps/index.html,ancillary,true,
https://www.randomservices.org/random/interval/Bayes.html,https://www.randomservices.org/random/bernoulli/Binomial.html,reference,false,outside the bounded core/ancillary freeze
https://www.randomservices.org/random/interval/Bayes.html,https://www.randomservices.org/random/bernoulli/Introduction.html,reference,false,outside the bounded core/ancillary freeze
https://www.randomservices.org/random/interval/Bayes.html,https://www.randomservices.org/random/biographies/Bayes.html,ancillary,true,
https://www.randomservices.org/random/interval/Bayes.html,https://www.randomservices.org/random/biographies/Bernoulli.html,ancillary,true,
https://www.randomservices.org/random/interval/Bayes.html,https://www.randomservices.org/random/biographies/Pareto.html,ancillary,true,
https://www.randomservices.org/random/interval/Bayes.html,https://www.randomservices.org/random/biographies/Poisson.html,ancillary,true,
https://www.randomservices.org/random/interval/Bayes.html,https://www.randomservices.org/random/biographies/index.html,ancillary,true,
https://www.randomservices.org/random/interval/Bayes.html,https://www.randomservices.org/random/data/Alpha.html,ancillary,true,
https://www.randomservices.org/random/interval/Bayes.html,https://www.randomservices.org/random/data/index.html,ancillary,true,
https://www.randomservices.org/random/interval/Bayes.html,https://www.randomservices.org/random/dist/Conditional.html,reference,false,outside the bounded core/ancillary freeze
https://www.randomservices.org/random/interval/Bayes.html,https://www.randomservices.org/random/dist/Continuous.html,reference,false,outside the bounded core/ancillary freeze
https://www.randomservices.org/random/interval/Bayes.html,https://www.randomservices.org/random/dist/Discrete.html,reference,false,outside the bounded core/ancillary freeze
https://www.randomservices.org/random/interval/Bayes.html,https://www.randomservices.org/random/icons/Icon.svg,asset,true,
https://www.randomservices.org/random/interval/Bayes.html,https://www.randomservices.org/random/icons/Minus.svg,asset,true,
https://www.randomservices.org/random/interval/Bayes.html,https://www.randomservices.org/random/icons/Plus.svg,asset,true,
https://www.randomservices.org/random/interval/Bayes.html,https://www.randomservices.org/random/index.html,reference,false,outside the bounded core/ancillary freeze
https://www.randomservices.org/random/interval/Bayes.html,https://www.randomservices.org/random/interval/Bernoulli.html,reference,false,outside the bounded core/ancillary freeze
https://www.randomservices.org/random/interval/Bayes.html,https://www.randomservices.org/random/interval/BivariateNormal.html,reference,false,outside the bounded core/ancillary freeze
https://www.randomservices.org/random/interval/Bayes.html,https://www.randomservices.org/random/interval/Introduction.html,reference,false,outside the bounded core/ancillary freeze
https://www.randomservices.org/random/interval/Bayes.html,https://www.randomservices.org/random/interval/Normal.html,reference,false,outside the bounded core/ancillary freeze
https://www.randomservices.org/random/interval/Bayes.html,https://www.randomservices.org/random/interval/index.html,reference,false,outside the bounded core/ancillary freeze
https://www.randomservices.org/random/interval/Bayes.html,https://www.randomservices.org/random/point/Bayes.html,reference,false,outside the bounded core/ancillary freeze
https://www.randomservices.org/random/interval/Bayes.html,https://www.randomservices.org/random/poisson/Poisson.html,reference,false,outside the bounded core/ancillary freeze
https://www.randomservices.org/random/interval/Bayes.html,https://www.randomservices.org/random/poisson/index.html,reference,false,outside the bounded core/ancillary freeze
https://www.randomservices.org/random/interval/Bayes.html,https://www.randomservices.org/random/prob/Events.html,reference,false,outside the bounded core/ancillary freeze
https://www.randomservices.org/random/interval/Bayes.html,https://www.randomservices.org/random/prob/Experiments.html,reference,false,outside the bounded core/ancillary freeze
https://www.randomservices.org/random/interval/Bayes.html,https://www.randomservices.org/random/prob/Probability.html,reference,false,outside the bounded core/ancillary freeze
https://www.randomservices.org/random/interval/Bayes.html,https://www.randomservices.org/random/sample/CLT.html,reference,false,outside the bounded core/ancillary freeze
https://www.randomservices.org/random/interval/Bayes.html,https://www.randomservices.org/random/special/Beta.html,reference,false,outside the bounded core/ancillary freeze
https://www.randomservices.org/random/interval/Bayes.html,https://www.randomservices.org/random/special/Gamma.html,reference,false,outside the bounded core/ancillary freeze
https://www.randomservices.org/random/interval/Bayes.html,https://www.randomservices.org/random/special/Normal.html,reference,false,outside the bounded core/ancillary freeze
https://www.randomservices.org/random/interval/Bayes.html,https://www.randomservices.org/random/special/Pareto.html,reference,false,outside the bounded core/ancillary freeze
https://www.randomservices.org/random/interval/Bernoulli.html,https://www.randomservices.org/MathJax/tex-svg.js,asset,true,
https://www.randomservices.org/random/interval/Bernoulli.html,https://www.randomservices.org/random/Basic.js,asset,true,
https://www.randomservices.org/random/interval/Bernoulli.html,https://www.randomservices.org/random/Screen.css,asset,true,
https://www.randomservices.org/random/interval/Bernoulli.html,https://www.randomservices.org/random/apps/ProportionEstimate.html,ancillary,true,
https://www.randomservices.org/random/interval/Bernoulli.html,https://www.randomservices.org/random/apps/QuantileApp.html,ancillary,true,
https://www.randomservices.org/random/interval/Bernoulli.html,https://www.randomservices.org/random/apps/index.html,ancillary,true,
https://www.randomservices.org/random/interval/Bernoulli.html,https://www.randomservices.org/random/bernoulli/Introduction.html,reference,false,outside the bounded core/ancillary freeze
https://www.randomservices.org/random/interval/Bernoulli.html,https://www.randomservices.org/random/biographies/Bernoulli.html,ancillary,true,
https://www.randomservices.org/random/interval/Bernoulli.html,https://www.randomservices.org/random/biographies/Wald.html,ancillary,true,
https://www.randomservices.org/random/interval/Bernoulli.html,https://www.randomservices.org/random/biographies/index.html,ancillary,true,
https://www.randomservices.org/random/interval/Bernoulli.html,https://www.randomservices.org/random/buffon/Buffon.html,reference,false,outside the bounded core/ancillary freeze
https://www.randomservices.org/random/interval/Bernoulli.html,https://www.randomservices.org/random/data/Buffon.html,ancillary,true,
https://www.randomservices.org/random/interval/Bernoulli.html,https://www.randomservices.org/random/data/index.html,ancillary,true,
https://www.randomservices.org/random/interval/Bernoulli.html,https://www.randomservices.org/random/dist/CDF.html,reference,false,outside the bounded core/ancillary freeze
https://www.randomservices.org/random/interval/Bernoulli.html,https://www.randomservices.org/random/hypothesis/BivariateNormal.html,reference,false,outside the bounded core/ancillary freeze
https://www.randomservices.org/random/interval/Bernoulli.html,https://www.randomservices.org/random/hypothesis/index.html,reference,false,outside the bounded core/ancillary freeze
https://www.randomservices.org/random/interval/Bernoulli.html,https://www.randomservices.org/random/icons/Icon.svg,asset,true,
https://www.randomservices.org/random/interval/Bernoulli.html,https://www.randomservices.org/random/icons/Minus.svg,asset,true,
https://www.randomservices.org/random/interval/Bernoulli.html,https://www.randomservices.org/random/icons/Plus.svg,asset,true,
https://www.randomservices.org/random/interval/Bernoulli.html,https://www.randomservices.org/random/index.html,reference,false,outside the bounded core/ancillary freeze
https://www.randomservices.org/random/interval/Bernoulli.html,https://www.randomservices.org/random/interval/Bayes.html,reference,false,outside the bounded core/ancillary freeze
https://www.randomservices.org/random/interval/Bernoulli.html,https://www.randomservices.org/random/interval/BivariateNormal.html,reference,false,outside the bounded core/ancillary freeze
https://www.randomservices.org/random/interval/Bernoulli.html,https://www.randomservices.org/random/interval/Introduction.html,reference,false,outside the bounded core/ancillary freeze
https://www.randomservices.org/random/interval/Bernoulli.html,https://www.randomservices.org/random/interval/Normal.html,reference,false,outside the bounded core/ancillary freeze
https://www.randomservices.org/random/interval/Bernoulli.html,https://www.randomservices.org/random/interval/index.html,reference,false,outside the bounded core/ancillary freeze
https://www.randomservices.org/random/interval/Bernoulli.html,https://www.randomservices.org/random/interval/two2,reference,false,outside the bounded core/ancillary freeze
https://www.randomservices.org/random/interval/Bernoulli.html,https://www.randomservices.org/random/prob/Events.html,reference,false,outside the bounded core/ancillary freeze
https://www.randomservices.org/random/interval/Bernoulli.html,https://www.randomservices.org/random/sample/CLT.html,reference,false,outside the bounded core/ancillary freeze
https://www.randomservices.org/random/interval/Bernoulli.html,https://www.randomservices.org/random/special/Normal.html,reference,false,outside the bounded core/ancillary freeze
https://www.randomservices.org/random/interval/Bernoulli.html,https://www.randomservices.org/random/urn/Introduction.html,reference,false,outside the bounded core/ancillary freeze
https://www.randomservices.org/random/interval/Bernoulli.html,https://www.randomservices.org/random/urn/index.html,reference,false,outside the bounded core/ancillary freeze
https://www.randomservices.org/random/interval/BivariateNormal.html,https://www.randomservices.org/MathJax/tex-svg.js,asset,true,
https://www.randomservices.org/random/interval/BivariateNormal.html,https://www.randomservices.org/random/Basic.js,asset,true,
https://www.randomservices.org/random/interval/BivariateNormal.html,https://www.randomservices.org/random/Screen.css,asset,true,
https://www.randomservices.org/random/interval/BivariateNormal.html,https://www.randomservices.org/random/apps/QuantileApp.html,ancillary,true,
https://www.randomservices.org/random/interval/BivariateNormal.html,https://www.randomservices.org/random/apps/index.html,ancillary,true,
https://www.randomservices.org/random/interval/BivariateNormal.html,https://www.randomservices.org/random/biographies/index.html,ancillary,true,
https://www.randomservices.org/random/interval/BivariateNormal.html,https://www.randomservices.org/random/data/Fisher.html,ancillary,false,fetch failed for https://www.randomservices.org/random/data/Fisher.html: HTTP Error 404: Not Found
https://www.randomservices.org/random/interval/BivariateNormal.html,https://www.randomservices.org/random/data/index.html,ancillary,true,
https://www.randomservices.org/random/interval/BivariateNormal.html,https://www.randomservices.org/random/dist/CDF.html,reference,false,outside the bounded core/ancillary freeze
https://www.randomservices.org/random/interval/BivariateNormal.html,https://www.randomservices.org/random/expect/Properties.html,reference,false,outside the bounded core/ancillary freeze
https://www.randomservices.org/random/interval/BivariateNormal.html,https://www.randomservices.org/random/expect/Variance.html,reference,false,outside the bounded core/ancillary freeze
https://www.randomservices.org/random/interval/BivariateNormal.html,https://www.randomservices.org/random/hypothesis/BivariateNormal.html,reference,false,outside the bounded core/ancillary freeze
https://www.randomservices.org/random/interval/BivariateNormal.html,https://www.randomservices.org/random/hypothesis/Introduction.html,reference,false,outside the bounded core/ancillary freeze
https://www.randomservices.org/random/interval/BivariateNormal.html,https://www.randomservices.org/random/icons/Icon.svg,asset,true,
https://www.randomservices.org/random/interval/BivariateNormal.html,https://www.randomservices.org/random/icons/Minus.svg,asset,true,
https://www.randomservices.org/random/interval/BivariateNormal.html,https://www.randomservices.org/random/icons/Plus.svg,asset,true,
https://www.randomservices.org/random/interval/BivariateNormal.html,https://www.randomservices.org/random/index.html,reference,false,outside the bounded core/ancillary freeze
https://www.randomservices.org/random/interval/BivariateNormal.html,https://www.randomservices.org/random/interval/Bayes.html,reference,false,outside the bounded core/ancillary freeze
https://www.randomservices.org/random/interval/BivariateNormal.html,https://www.randomservices.org/random/interval/Bernoulli.html,reference,false,outside the bounded core/ancillary freeze
https://www.randomservices.org/random/interval/BivariateNormal.html,https://www.randomservices.org/random/interval/Introduction.html,reference,false,outside the bounded core/ancillary freeze
https://www.randomservices.org/random/interval/BivariateNormal.html,https://www.randomservices.org/random/interval/Normal.html,reference,false,outside the bounded core/ancillary freeze
https://www.randomservices.org/random/interval/BivariateNormal.html,https://www.randomservices.org/random/interval/index.html,reference,false,outside the bounded core/ancillary freeze
https://www.randomservices.org/random/interval/BivariateNormal.html,https://www.randomservices.org/random/prob/Independence.html,reference,false,outside the bounded core/ancillary freeze
https://www.randomservices.org/random/interval/BivariateNormal.html,https://www.randomservices.org/random/sample/CLT.html,reference,false,outside the bounded core/ancillary freeze
https://www.randomservices.org/random/interval/BivariateNormal.html,https://www.randomservices.org/random/sample/Covariance.html,reference,false,outside the bounded core/ancillary freeze
https://www.randomservices.org/random/interval/BivariateNormal.html,https://www.randomservices.org/random/sample/Mean.html,reference,false,outside the bounded core/ancillary freeze
https://www.randomservices.org/random/interval/BivariateNormal.html,https://www.randomservices.org/random/sample/Normal.html,reference,false,outside the bounded core/ancillary freeze
https://www.randomservices.org/random/interval/BivariateNormal.html,https://www.randomservices.org/random/sample/Variance.html,reference,false,outside the bounded core/ancillary freeze
https://www.randomservices.org/random/interval/BivariateNormal.html,https://www.randomservices.org/random/special/Fisher.html,reference,false,outside the bounded core/ancillary freeze
https://www.randomservices.org/random/interval/BivariateNormal.html,https://www.randomservices.org/random/special/MultiNormal.html,reference,false,outside the bounded core/ancillary freeze
https://www.randomservices.org/random/interval/BivariateNormal.html,https://www.randomservices.org/random/special/Normal.html,reference,false,outside the bounded core/ancillary freeze
https://www.randomservices.org/random/interval/BivariateNormal.html,https://www.randomservices.org/random/special/Student.html,reference,false,outside the bounded core/ancillary freeze
https://www.randomservices.org/random/interval/Introduction.html,https://www.randomservices.org/MathJax/tex-svg.js,asset,true,
https://www.randomservices.org/random/interval/Introduction.html,https://www.randomservices.org/random/Basic.js,asset,true,
https://www.randomservices.org/random/interval/Introduction.html,https://www.randomservices.org/random/Screen.css,asset,true,
https://www.randomservices.org/random/interval/Introduction.html,https://www.randomservices.org/random/apps/QuantileApp.html,ancillary,true,
https://www.randomservices.org/random/interval/Introduction.html,https://www.randomservices.org/random/apps/index.html,ancillary,true,
https://www.randomservices.org/random/interval/Introduction.html,https://www.randomservices.org/random/biographies/index.html,ancillary,true,
https://www.randomservices.org/random/interval/Introduction.html,https://www.randomservices.org/random/data/index.html,ancillary,true,
https://www.randomservices.org/random/interval/Introduction.html,https://www.randomservices.org/random/dist/CDF.html,reference,false,outside the bounded core/ancillary freeze
https://www.randomservices.org/random/interval/Introduction.html,https://www.randomservices.org/random/dist/Continuous.html,reference,false,outside the bounded core/ancillary freeze
https://www.randomservices.org/random/interval/Introduction.html,https://www.randomservices.org/random/icons/Icon.svg,asset,true,
https://www.randomservices.org/random/interval/Introduction.html,https://www.randomservices.org/random/icons/Minus.svg,asset,true,
https://www.randomservices.org/random/interval/Introduction.html,https://www.randomservices.org/random/icons/Plus.svg,asset,true,
https://www.randomservices.org/random/interval/Introduction.html,https://www.randomservices.org/random/index.html,reference,false,outside the bounded core/ancillary freeze
https://www.randomservices.org/random/interval/Introduction.html,https://www.randomservices.org/random/interval/Bayes.html,reference,false,outside the bounded core/ancillary freeze
https://www.randomservices.org/random/interval/Introduction.html,https://www.randomservices.org/random/interval/Bernoulli.html,reference,false,outside the bounded core/ancillary freeze
https://www.randomservices.org/random/interval/Introduction.html,https://www.randomservices.org/random/interval/BivariateNormal.html,reference,false,outside the bounded core/ancillary freeze
https://www.randomservices.org/random/interval/Introduction.html,https://www.randomservices.org/random/interval/Normal.html,reference,false,outside the bounded core/ancillary freeze
https://www.randomservices.org/random/interval/Introduction.html,https://www.randomservices.org/random/interval/PivotVariable.png,asset,true,
https://www.randomservices.org/random/interval/Introduction.html,https://www.randomservices.org/random/interval/SetEstimate.png,asset,true,
https://www.randomservices.org/random/interval/Introduction.html,https://www.randomservices.org/random/interval/Tails.png,asset,true,
https://www.randomservices.org/random/interval/Introduction.html,https://www.randomservices.org/random/interval/VSet.png,asset,true,
https://www.randomservices.org/random/interval/Introduction.html,https://www.randomservices.org/random/interval/ZSet.png,asset,true,
https://www.randomservices.org/random/interval/Introduction.html,https://www.randomservices.org/random/interval/ZVSet.png,asset,true,
https://www.randomservices.org/random/interval/Introduction.html,https://www.randomservices.org/random/interval/index.html,reference,false,outside the bounded core/ancillary freeze
https://www.randomservices.org/random/interval/Introduction.html,https://www.randomservices.org/random/prob/Events.html,reference,false,outside the bounded core/ancillary freeze
https://www.randomservices.org/random/interval/Introduction.html,https://www.randomservices.org/random/prob/Experiments.html,reference,false,outside the bounded core/ancillary freeze
https://www.randomservices.org/random/interval/Introduction.html,https://www.randomservices.org/random/prob/Probability.html,reference,false,outside the bounded core/ancillary freeze
https://www.randomservices.org/random/interval/Introduction.html,https://www.randomservices.org/random/sample/Introduction.html,reference,false,outside the bounded core/ancillary freeze
https://www.randomservices.org/random/interval/Introduction.html,https://www.randomservices.org/random/sample/Mean.html,reference,false,outside the bounded core/ancillary freeze
https://www.randomservices.org/random/interval/Introduction.html,https://www.randomservices.org/random/sample/Variance.html,reference,false,outside the bounded core/ancillary freeze
https://www.randomservices.org/random/interval/Introduction.html,https://www.randomservices.org/random/special/ChiSquare.html,reference,false,outside the bounded core/ancillary freeze
https://www.randomservices.org/random/interval/Introduction.html,https://www.randomservices.org/random/special/Gamma.html,reference,false,outside the bounded core/ancillary freeze
https://www.randomservices.org/random/interval/Introduction.html,https://www.randomservices.org/random/special/LocationScale.html,reference,false,outside the bounded core/ancillary freeze
https://www.randomservices.org/random/interval/Introduction.html,https://www.randomservices.org/random/special/Normal.html,reference,false,outside the bounded core/ancillary freeze
https://www.randomservices.org/random/interval/Normal.html,https://www.randomservices.org/MathJax/tex-svg.js,asset,true,
https://www.randomservices.org/random/interval/Normal.html,https://www.randomservices.org/random/Basic.js,asset,true,
https://www.randomservices.org/random/interval/Normal.html,https://www.randomservices.org/random/Screen.css,asset,true,
https://www.randomservices.org/random/interval/Normal.html,https://www.randomservices.org/random/apps/MeanEstimate.html,ancillary,true,
https://www.randomservices.org/random/interval/Normal.html,https://www.randomservices.org/random/apps/QuantileApp.html,ancillary,true,
https://www.randomservices.org/random/interval/Normal.html,https://www.randomservices.org/random/apps/VarianceEstimate.html,ancillary,true,
https://www.randomservices.org/random/interval/Normal.html,https://www.randomservices.org/random/apps/index.html,ancillary,true,
https://www.randomservices.org/random/interval/Normal.html,https://www.randomservices.org/random/biographies/index.html,ancillary,true,
https://www.randomservices.org/random/interval/Normal.html,https://www.randomservices.org/random/data/Cavendish.html,ancillary,true,
https://www.randomservices.org/random/interval/Normal.html,https://www.randomservices.org/random/data/Fisher.html,ancillary,false,fetch failed for https://www.randomservices.org/random/data/Fisher.html: HTTP Error 404: Not Found
https://www.randomservices.org/random/interval/Normal.html,https://www.randomservices.org/random/data/Michelson.html,ancillary,true,
https://www.randomservices.org/random/interval/Normal.html,https://www.randomservices.org/random/data/Short.html,ancillary,true,
https://www.randomservices.org/random/interval/Normal.html,https://www.randomservices.org/random/data/index.html,ancillary,true,
https://www.randomservices.org/random/interval/Normal.html,https://www.randomservices.org/random/dist/CDF.html,reference,false,outside the bounded core/ancillary freeze
https://www.randomservices.org/random/interval/Normal.html,https://www.randomservices.org/random/expect/Properties.html,reference,false,outside the bounded core/ancillary freeze
https://www.randomservices.org/random/interval/Normal.html,https://www.randomservices.org/random/expect/Variance.html,reference,false,outside the bounded core/ancillary freeze
https://www.randomservices.org/random/interval/Normal.html,https://www.randomservices.org/random/hypothesis/Normal.html,reference,false,outside the bounded core/ancillary freeze
https://www.randomservices.org/random/interval/Normal.html,https://www.randomservices.org/random/hypothesis/index.html,reference,false,outside the bounded core/ancillary freeze
https://www.randomservices.org/random/interval/Normal.html,https://www.randomservices.org/random/icons/Icon.svg,asset,true,
https://www.randomservices.org/random/interval/Normal.html,https://www.randomservices.org/random/icons/Minus.svg,asset,true,
https://www.randomservices.org/random/interval/Normal.html,https://www.randomservices.org/random/icons/Plus.svg,asset,true,
https://www.randomservices.org/random/interval/Normal.html,https://www.randomservices.org/random/index.html,reference,false,outside the bounded core/ancillary freeze
https://www.randomservices.org/random/interval/Normal.html,https://www.randomservices.org/random/interval/Bayes.html,reference,false,outside the bounded core/ancillary freeze
https://www.randomservices.org/random/interval/Normal.html,https://www.randomservices.org/random/interval/Bernoulli.html,reference,false,outside the bounded core/ancillary freeze
https://www.randomservices.org/random/interval/Normal.html,https://www.randomservices.org/random/interval/BivariateNormal.html,reference,false,outside the bounded core/ancillary freeze
https://www.randomservices.org/random/interval/Normal.html,https://www.randomservices.org/random/interval/Introduction.html,reference,false,outside the bounded core/ancillary freeze
https://www.randomservices.org/random/interval/Normal.html,https://www.randomservices.org/random/interval/TSet.png,asset,true,
https://www.randomservices.org/random/interval/Normal.html,https://www.randomservices.org/random/interval/TVSet.png,asset,true,
https://www.randomservices.org/random/interval/Normal.html,https://www.randomservices.org/random/interval/VSet.png,asset,true,
https://www.randomservices.org/random/interval/Normal.html,https://www.randomservices.org/random/interval/ZSet.png,asset,true,
https://www.randomservices.org/random/interval/Normal.html,https://www.randomservices.org/random/interval/ZVSet.png,asset,true,
https://www.randomservices.org/random/interval/Normal.html,https://www.randomservices.org/random/interval/index.html,reference,false,outside the bounded core/ancillary freeze
https://www.randomservices.org/random/interval/Normal.html,https://www.randomservices.org/random/point/index.html,reference,false,outside the bounded core/ancillary freeze
https://www.randomservices.org/random/interval/Normal.html,https://www.randomservices.org/random/sample/CLT.html,reference,false,outside the bounded core/ancillary freeze
https://www.randomservices.org/random/interval/Normal.html,https://www.randomservices.org/random/sample/Introduction.html,reference,false,outside the bounded core/ancillary freeze
https://www.randomservices.org/random/interval/Normal.html,https://www.randomservices.org/random/sample/LLN.html,reference,false,outside the bounded core/ancillary freeze
https://www.randomservices.org/random/interval/Normal.html,https://www.randomservices.org/random/sample/Normal.html,reference,false,outside the bounded core/ancillary freeze
https://www.randomservices.org/random/interval/Normal.html,https://www.randomservices.org/random/sample/Variance.html,reference,false,outside the bounded core/ancillary freeze
https://www.randomservices.org/random/interval/Normal.html,https://www.randomservices.org/random/special/ChiSquare.html,reference,false,outside the bounded core/ancillary freeze
https://www.randomservices.org/random/interval/Normal.html,https://www.randomservices.org/random/special/Normal.html,reference,false,outside the bounded core/ancillary freeze
https://www.randomservices.org/random/interval/Normal.html,https://www.randomservices.org/random/special/Student.html,reference,false,outside the bounded core/ancillary freeze
https://www.randomservices.org/random/interval/index.html,http://mathworld.wolfram.com/topics/ProbabilityandStatistics.html,reference,false,outside the bounded core/ancillary freeze
https://www.randomservices.org/random/interval/index.html,"http://www.google.com/search?q=An+Introduction+to+Mathematical+Statistics,Larsen,Marx",reference,false,outside the bounded core/ancillary freeze
https://www.randomservices.org/random/interval/index.html,"http://www.google.com/search?q=Elementary+Statistics,Triola",reference,false,outside the bounded core/ancillary freeze
https://www.randomservices.org/random/interval/index.html,"http://www.google.com/search?q=Introduction+to+Probability+and+Mathematical+Statistics,+Bain,+Engelhardt",reference,false,outside the bounded core/ancillary freeze
https://www.randomservices.org/random/interval/index.html,"http://www.google.com/search?q=Introductory+Statistics,Weiss",reference,false,outside the bounded core/ancillary freeze
https://www.randomservices.org/random/interval/index.html,http://www.google.com/search?q=Statistical+Inference+Casella+Berger,reference,false,outside the bounded core/ancillary freeze
https://www.randomservices.org/random/interval/index.html,"http://www.google.com/search?q=Statistics,Freedman,Pisani,Purves",reference,false,outside the bounded core/ancillary freeze
https://www.randomservices.org/random/interval/index.html,https://en.wikipedia.org/wiki/Portal:Statistics,reference,false,outside the bounded core/ancillary freeze
https://www.randomservices.org/random/interval/index.html,https://www.randomservices.org/random/Basic.js,asset,true,
https://www.randomservices.org/random/interval/index.html,https://www.randomservices.org/random/Screen.css,asset,true,
https://www.randomservices.org/random/interval/index.html,https://www.randomservices.org/random/apps/MeanEstimate.html,ancillary,true,
https://www.randomservices.org/random/interval/index.html,https://www.randomservices.org/random/apps/ProportionEstimate.html,ancillary,true,
https://www.randomservices.org/random/interval/index.html,https://www.randomservices.org/random/apps/QuantileApp.html,ancillary,true,
https://www.randomservices.org/random/interval/index.html,https://www.randomservices.org/random/apps/VarianceEstimate.html,ancillary,true,
https://www.randomservices.org/random/interval/index.html,https://www.randomservices.org/random/apps/index.html,ancillary,true,
https://www.randomservices.org/random/interval/index.html,https://www.randomservices.org/random/bernoulli/index.html,reference,false,outside the bounded core/ancillary freeze
https://www.randomservices.org/random/interval/index.html,https://www.randomservices.org/random/biographies/Polya.html,ancillary,true,
https://www.randomservices.org/random/interval/index.html,https://www.randomservices.org/random/biographies/index.html,ancillary,true,
https://www.randomservices.org/random/interval/index.html,https://www.randomservices.org/random/brown/index.html,reference,false,outside the bounded core/ancillary freeze
https://www.randomservices.org/random/interval/index.html,https://www.randomservices.org/random/buffon/index.html,reference,false,outside the bounded core/ancillary freeze
https://www.randomservices.org/random/interval/index.html,https://www.randomservices.org/random/data/index.html,ancillary,true,
https://www.randomservices.org/random/interval/index.html,https://www.randomservices.org/random/dist/index.html,reference,false,outside the bounded core/ancillary freeze
https://www.randomservices.org/random/interval/index.html,https://www.randomservices.org/random/expect/index.html,reference,false,outside the bounded core/ancillary freeze
https://www.randomservices.org/random/interval/index.html,https://www.randomservices.org/random/foundations/index.html,reference,false,outside the bounded core/ancillary freeze
https://www.randomservices.org/random/interval/index.html,https://www.randomservices.org/random/games/index.html,reference,false,outside the bounded core/ancillary freeze
https://www.randomservices.org/random/interval/index.html,https://www.randomservices.org/random/hypothesis/index.html,reference,false,outside the bounded core/ancillary freeze
https://www.randomservices.org/random/interval/index.html,https://www.randomservices.org/random/icons/Icon.svg,asset,true,
https://www.randomservices.org/random/interval/index.html,https://www.randomservices.org/random/index.html,reference,false,outside the bounded core/ancillary freeze
https://www.randomservices.org/random/interval/index.html,https://www.randomservices.org/random/interval/Bayes.html,reference,false,outside the bounded core/ancillary freeze
https://www.randomservices.org/random/interval/index.html,https://www.randomservices.org/random/interval/Bernoulli.html,reference,false,outside the bounded core/ancillary freeze
https://www.randomservices.org/random/interval/index.html,https://www.randomservices.org/random/interval/BivariateNormal.html,reference,false,outside the bounded core/ancillary freeze
https://www.randomservices.org/random/interval/index.html,https://www.randomservices.org/random/interval/Introduction.html,reference,false,outside the bounded core/ancillary freeze
https://www.randomservices.org/random/interval/index.html,https://www.randomservices.org/random/interval/Normal.html,reference,false,outside the bounded core/ancillary freeze
https://www.randomservices.org/random/interval/index.html,https://www.randomservices.org/random/markov/index.html,reference,false,outside the bounded core/ancillary freeze
https://www.randomservices.org/random/interval/index.html,https://www.randomservices.org/random/martingales/index.html,reference,false,outside the bounded core/ancillary freeze
https://www.randomservices.org/random/interval/index.html,https://www.randomservices.org/random/point/index.html,reference,false,outside the bounded core/ancillary freeze
https://www.randomservices.org/random/interval/index.html,https://www.randomservices.org/random/poisson/index.html,reference,false,outside the bounded core/ancillary freeze
https://www.randomservices.org/random/interval/index.html,https://www.randomservices.org/random/prob/index.html,reference,false,outside the bounded core/ancillary freeze
https://www.randomservices.org/random/interval/index.html,https://www.randomservices.org/random/renewal/index.html,reference,false,outside the bounded core/ancillary freeze
https://www.randomservices.org/random/interval/index.html,https://www.randomservices.org/random/sample/index.html,reference,false,outside the bounded core/ancillary freeze
https://www.randomservices.org/random/interval/index.html,https://www.randomservices.org/random/special/index.html,reference,false,outside the bounded core/ancillary freeze
https://www.randomservices.org/random/interval/index.html,https://www.randomservices.org/random/urn/index.html,reference,false,outside the bounded core/ancillary freeze
https://www.randomservices.org/random/point/Bayes.html,https://www.randomservices.org/MathJax/tex-svg.js,asset,true,
https://www.randomservices.org/random/point/Bayes.html,https://www.randomservices.org/random/Basic.js,asset,true,
https://www.randomservices.org/random/point/Bayes.html,https://www.randomservices.org/random/Screen.css,asset,true,
https://www.randomservices.org/random/point/Bayes.html,https://www.randomservices.org/random/apps/BetaCoin.html,ancillary,true,
https://www.randomservices.org/random/point/Bayes.html,https://www.randomservices.org/random/apps/index.html,ancillary,true,
https://www.randomservices.org/random/point/Bayes.html,https://www.randomservices.org/random/bernoulli/BetaBernoulli.html,reference,false,outside the bounded core/ancillary freeze
https://www.randomservices.org/random/point/Bayes.html,https://www.randomservices.org/random/bernoulli/Binomial.html,reference,false,outside the bounded core/ancillary freeze
https://www.randomservices.org/random/point/Bayes.html,https://www.randomservices.org/random/bernoulli/Geometric.html,reference,false,outside the bounded core/ancillary freeze
https://www.randomservices.org/random/point/Bayes.html,https://www.randomservices.org/random/bernoulli/Introduction.html,reference,false,outside the bounded core/ancillary freeze
https://www.randomservices.org/random/point/Bayes.html,https://www.randomservices.org/random/bernoulli/NegativeBinomial.html,reference,false,outside the bounded core/ancillary freeze
https://www.randomservices.org/random/point/Bayes.html,https://www.randomservices.org/random/bernoulli/index.html,reference,false,outside the bounded core/ancillary freeze
https://www.randomservices.org/random/point/Bayes.html,https://www.randomservices.org/random/biographies/Bayes.html,ancillary,true,
https://www.randomservices.org/random/point/Bayes.html,https://www.randomservices.org/random/biographies/Pareto.html,ancillary,true,
https://www.randomservices.org/random/point/Bayes.html,https://www.randomservices.org/random/biographies/Poisson.html,ancillary,true,
https://www.randomservices.org/random/point/Bayes.html,https://www.randomservices.org/random/biographies/index.html,ancillary,true,
https://www.randomservices.org/random/point/Bayes.html,https://www.randomservices.org/random/data/index.html,ancillary,true,
https://www.randomservices.org/random/point/Bayes.html,https://www.randomservices.org/random/dist/Conditional.html,reference,false,outside the bounded core/ancillary freeze
https://www.randomservices.org/random/point/Bayes.html,https://www.randomservices.org/random/dist/Continuous.html,reference,false,outside the bounded core/ancillary freeze
https://www.randomservices.org/random/point/Bayes.html,https://www.randomservices.org/random/dist/Discrete.html,reference,false,outside the bounded core/ancillary freeze
https://www.randomservices.org/random/point/Bayes.html,https://www.randomservices.org/random/dist/Joint.html,reference,false,outside the bounded core/ancillary freeze
https://www.randomservices.org/random/point/Bayes.html,https://www.randomservices.org/random/expect/Conditional.html,reference,false,outside the bounded core/ancillary freeze
https://www.randomservices.org/random/point/Bayes.html,https://www.randomservices.org/random/expect/Spaces.html,reference,false,outside the bounded core/ancillary freeze
https://www.randomservices.org/random/point/Bayes.html,https://www.randomservices.org/random/icons/Icon.svg,asset,true,
https://www.randomservices.org/random/point/Bayes.html,https://www.randomservices.org/random/icons/Minus.svg,asset,true,
https://www.randomservices.org/random/point/Bayes.html,https://www.randomservices.org/random/icons/Plus.svg,asset,true,
https://www.randomservices.org/random/point/Bayes.html,https://www.randomservices.org/random/index.html,reference,false,outside the bounded core/ancillary freeze
https://www.randomservices.org/random/point/Bayes.html,https://www.randomservices.org/random/martingales/index.html,reference,false,outside the bounded core/ancillary freeze
https://www.randomservices.org/random/point/Bayes.html,https://www.randomservices.org/random/point/Estimators.html,reference,false,outside the bounded core/ancillary freeze
https://www.randomservices.org/random/point/Bayes.html,https://www.randomservices.org/random/point/Likelihood.html,reference,false,outside the bounded core/ancillary freeze
https://www.randomservices.org/random/point/Bayes.html,https://www.randomservices.org/random/point/Moments.html,reference,false,outside the bounded core/ancillary freeze
https://www.randomservices.org/random/point/Bayes.html,https://www.randomservices.org/random/point/Sufficient.html,reference,false,outside the bounded core/ancillary freeze
https://www.randomservices.org/random/point/Bayes.html,https://www.randomservices.org/random/point/Unbiased.html,reference,false,outside the bounded core/ancillary freeze
https://www.randomservices.org/random/point/Bayes.html,https://www.randomservices.org/random/point/index.html,reference,false,outside the bounded core/ancillary freeze
https://www.randomservices.org/random/point/Bayes.html,https://www.randomservices.org/random/poisson/Poisson.html,reference,false,outside the bounded core/ancillary freeze
https://www.randomservices.org/random/point/Bayes.html,https://www.randomservices.org/random/poisson/index.html,reference,false,outside the bounded core/ancillary freeze
https://www.randomservices.org/random/point/Bayes.html,https://www.randomservices.org/random/prob/Experiments.html,reference,false,outside the bounded core/ancillary freeze
https://www.randomservices.org/random/point/Bayes.html,https://www.randomservices.org/random/prob/Probability.html,reference,false,outside the bounded core/ancillary freeze
https://www.randomservices.org/random/point/Bayes.html,https://www.randomservices.org/random/sample/CLT.html,reference,false,outside the bounded core/ancillary freeze
https://www.randomservices.org/random/point/Bayes.html,https://www.randomservices.org/random/sample/Introduction.html,reference,false,outside the bounded core/ancillary freeze
https://www.randomservices.org/random/point/Bayes.html,https://www.randomservices.org/random/special/Beta.html,reference,false,outside the bounded core/ancillary freeze
https://www.randomservices.org/random/point/Bayes.html,https://www.randomservices.org/random/special/Gamma.html,reference,false,outside the bounded core/ancillary freeze
https://www.randomservices.org/random/point/Bayes.html,https://www.randomservices.org/random/special/Normal.html,reference,false,outside the bounded core/ancillary freeze
https://www.randomservices.org/random/point/Bayes.html,https://www.randomservices.org/random/special/Pareto.html,reference,false,outside the bounded core/ancillary freeze
https://www.randomservices.org/random/point/Bayes.html,https://www.randomservices.org/random/special/Uniform.html,reference,false,outside the bounded core/ancillary freeze
https://www.randomservices.org/random/point/Estimators.html,https://www.randomservices.org/MathJax/tex-svg.js,asset,true,
https://www.randomservices.org/random/point/Estimators.html,https://www.randomservices.org/random/Basic.js,asset,true,
https://www.randomservices.org/random/point/Estimators.html,https://www.randomservices.org/random/Screen.css,asset,true,
https://www.randomservices.org/random/point/Estimators.html,https://www.randomservices.org/random/apps/ExponentialExperiment.html,ancillary,false,fetch failed for https://www.randomservices.org/random/apps/ExponentialExperiment.html: HTTP Error 404: Not Found
https://www.randomservices.org/random/point/Estimators.html,https://www.randomservices.org/random/apps/Match.html,ancillary,true,
https://www.randomservices.org/random/point/Estimators.html,https://www.randomservices.org/random/apps/MeanEstimate.html,ancillary,true,
https://www.randomservices.org/random/point/Estimators.html,https://www.randomservices.org/random/apps/NormalEstimate.html,ancillary,true,
https://www.randomservices.org/random/point/Estimators.html,https://www.randomservices.org/random/apps/Poisson.html,ancillary,true,
https://www.randomservices.org/random/point/Estimators.html,https://www.randomservices.org/random/apps/index.html,ancillary,true,
https://www.randomservices.org/random/point/Estimators.html,https://www.randomservices.org/random/biographies/Poisson.html,ancillary,true,
https://www.randomservices.org/random/point/Estimators.html,https://www.randomservices.org/random/biographies/index.html,ancillary,true,
https://www.randomservices.org/random/point/Estimators.html,https://www.randomservices.org/random/data/Alpha.html,ancillary,true,
https://www.randomservices.org/random/point/Estimators.html,https://www.randomservices.org/random/data/Cavendish.html,ancillary,true,
https://www.randomservices.org/random/point/Estimators.html,https://www.randomservices.org/random/data/Cicada.html,ancillary,true,
https://www.randomservices.org/random/point/Estimators.html,https://www.randomservices.org/random/data/MM.html,ancillary,true,
https://www.randomservices.org/random/point/Estimators.html,https://www.randomservices.org/random/data/Michelson.html,ancillary,true,
https://www.randomservices.org/random/point/Estimators.html,https://www.randomservices.org/random/data/Pearson.html,ancillary,true,
https://www.randomservices.org/random/point/Estimators.html,https://www.randomservices.org/random/data/Short.html,ancillary,true,
https://www.randomservices.org/random/point/Estimators.html,https://www.randomservices.org/random/data/index.html,ancillary,true,
https://www.randomservices.org/random/point/Estimators.html,https://www.randomservices.org/random/expect/Covariance.html,reference,false,outside the bounded core/ancillary freeze
https://www.randomservices.org/random/point/Estimators.html,https://www.randomservices.org/random/expect/Properties2.html,reference,false,outside the bounded core/ancillary freeze
https://www.randomservices.org/random/point/Estimators.html,https://www.randomservices.org/random/expect/Skew.html,reference,false,outside the bounded core/ancillary freeze
https://www.randomservices.org/random/point/Estimators.html,https://www.randomservices.org/random/expect/Spaces.html,reference,false,outside the bounded core/ancillary freeze
https://www.randomservices.org/random/point/Estimators.html,https://www.randomservices.org/random/expect/Variance.html,reference,false,outside the bounded core/ancillary freeze
https://www.randomservices.org/random/point/Estimators.html,https://www.randomservices.org/random/foundations/Measurable.html,reference,false,outside the bounded core/ancillary freeze
https://www.randomservices.org/random/point/Estimators.html,https://www.randomservices.org/random/icons/Icon.svg,asset,true,
https://www.randomservices.org/random/point/Estimators.html,https://www.randomservices.org/random/icons/Minus.svg,asset,true,
https://www.randomservices.org/random/point/Estimators.html,https://www.randomservices.org/random/icons/Plus.svg,asset,true,
https://www.randomservices.org/random/point/Estimators.html,https://www.randomservices.org/random/index.html,reference,false,outside the bounded core/ancillary freeze
https://www.randomservices.org/random/point/Estimators.html,https://www.randomservices.org/random/point/Bayes.html,reference,false,outside the bounded core/ancillary freeze
https://www.randomservices.org/random/point/Estimators.html,https://www.randomservices.org/random/point/Likelihood.html,reference,false,outside the bounded core/ancillary freeze
https://www.randomservices.org/random/point/Estimators.html,https://www.randomservices.org/random/point/Moments.html,reference,false,outside the bounded core/ancillary freeze
https://www.randomservices.org/random/point/Estimators.html,https://www.randomservices.org/random/point/Sufficient.html,reference,false,outside the bounded core/ancillary freeze
https://www.randomservices.org/random/point/Estimators.html,https://www.randomservices.org/random/point/Unbiased.html,reference,false,outside the bounded core/ancillary freeze
https://www.randomservices.org/random/point/Estimators.html,https://www.randomservices.org/random/point/index.html,reference,false,outside the bounded core/ancillary freeze
https://www.randomservices.org/random/point/Estimators.html,https://www.randomservices.org/random/poisson/Poisson.html,reference,false,outside the bounded core/ancillary freeze
https://www.randomservices.org/random/point/Estimators.html,https://www.randomservices.org/random/poisson/index.html,reference,false,outside the bounded core/ancillary freeze
https://www.randomservices.org/random/point/Estimators.html,https://www.randomservices.org/random/prob/Convergence.html,reference,false,outside the bounded core/ancillary freeze
https://www.randomservices.org/random/point/Estimators.html,https://www.randomservices.org/random/prob/Experiments.html,reference,false,outside the bounded core/ancillary freeze
https://www.randomservices.org/random/point/Estimators.html,https://www.randomservices.org/random/prob/Probability.html,reference,false,outside the bounded core/ancillary freeze
https://www.randomservices.org/random/point/Estimators.html,https://www.randomservices.org/random/prob/Probability2.html,reference,false,outside the bounded core/ancillary freeze
https://www.randomservices.org/random/point/Estimators.html,https://www.randomservices.org/random/sample/Covariance.html,reference,false,outside the bounded core/ancillary freeze
https://www.randomservices.org/random/point/Estimators.html,https://www.randomservices.org/random/sample/Introduction.html,reference,false,outside the bounded core/ancillary freeze
https://www.randomservices.org/random/point/Estimators.html,https://www.randomservices.org/random/sample/LLN.html,reference,false,outside the bounded core/ancillary freeze
https://www.randomservices.org/random/point/Estimators.html,https://www.randomservices.org/random/sample/Mean.html,reference,false,outside the bounded core/ancillary freeze
https://www.randomservices.org/random/point/Estimators.html,https://www.randomservices.org/random/sample/Variance.html,reference,false,outside the bounded core/ancillary freeze
https://www.randomservices.org/random/point/Estimators.html,https://www.randomservices.org/random/sample/index.html,reference,false,outside the bounded core/ancillary freeze
https://www.randomservices.org/random/point/Likelihood.html,https://www.randomservices.org/MathJax/tex-svg.js,asset,true,
https://www.randomservices.org/random/point/Likelihood.html,https://www.randomservices.org/random/Basic.js,asset,true,
https://www.randomservices.org/random/point/Likelihood.html,https://www.randomservices.org/random/Screen.css,asset,true,
https://www.randomservices.org/random/point/Likelihood.html,https://www.randomservices.org/random/apps/BetaEstimate.html,ancillary,true,
https://www.randomservices.org/random/point/Likelihood.html,https://www.randomservices.org/random/apps/GammaEstimate.html,ancillary,true,
https://www.randomservices.org/random/point/Likelihood.html,https://www.randomservices.org/random/apps/NormalEstimate.html,ancillary,true,
https://www.randomservices.org/random/point/Likelihood.html,https://www.randomservices.org/random/apps/ParetoEstimate.html,ancillary,true,
https://www.randomservices.org/random/point/Likelihood.html,https://www.randomservices.org/random/apps/UniformEstimate.html,ancillary,true,
https://www.randomservices.org/random/point/Likelihood.html,https://www.randomservices.org/random/apps/index.html,ancillary,true,
https://www.randomservices.org/random/point/Likelihood.html,https://www.randomservices.org/random/bernoulli/Binomial.html,reference,false,outside the bounded core/ancillary freeze
https://www.randomservices.org/random/point/Likelihood.html,https://www.randomservices.org/random/bernoulli/Geometric.html,reference,false,outside the bounded core/ancillary freeze
https://www.randomservices.org/random/point/Likelihood.html,https://www.randomservices.org/random/bernoulli/Introduction.html,reference,false,outside the bounded core/ancillary freeze
https://www.randomservices.org/random/point/Likelihood.html,https://www.randomservices.org/random/bernoulli/NegativeBinomial.html,reference,false,outside the bounded core/ancillary freeze
https://www.randomservices.org/random/point/Likelihood.html,https://www.randomservices.org/random/bernoulli/index.html,reference,false,outside the bounded core/ancillary freeze
https://www.randomservices.org/random/point/Likelihood.html,https://www.randomservices.org/random/biographies/Pareto.html,ancillary,true,
https://www.randomservices.org/random/point/Likelihood.html,https://www.randomservices.org/random/biographies/Poisson.html,ancillary,true,
https://www.randomservices.org/random/point/Likelihood.html,https://www.randomservices.org/random/biographies/index.html,ancillary,true,
https://www.randomservices.org/random/point/Likelihood.html,https://www.randomservices.org/random/data/index.html,ancillary,true,
https://www.randomservices.org/random/point/Likelihood.html,https://www.randomservices.org/random/dist/Continuous.html,reference,false,outside the bounded core/ancillary freeze
https://www.randomservices.org/random/point/Likelihood.html,https://www.randomservices.org/random/dist/Discrete.html,reference,false,outside the bounded core/ancillary freeze
https://www.randomservices.org/random/point/Likelihood.html,https://www.randomservices.org/random/icons/Icon.svg,asset,true,
https://www.randomservices.org/random/point/Likelihood.html,https://www.randomservices.org/random/icons/Minus.svg,asset,true,
https://www.randomservices.org/random/point/Likelihood.html,https://www.randomservices.org/random/icons/Plus.svg,asset,true,
https://www.randomservices.org/random/point/Likelihood.html,https://www.randomservices.org/random/index.html,reference,false,outside the bounded core/ancillary freeze
https://www.randomservices.org/random/point/Likelihood.html,https://www.randomservices.org/random/point/Bayes.html,reference,false,outside the bounded core/ancillary freeze
https://www.randomservices.org/random/point/Likelihood.html,https://www.randomservices.org/random/point/Estimators.html,reference,false,outside the bounded core/ancillary freeze
https://www.randomservices.org/random/point/Likelihood.html,https://www.randomservices.org/random/point/Moments.html,reference,false,outside the bounded core/ancillary freeze
https://www.randomservices.org/random/point/Likelihood.html,https://www.randomservices.org/random/point/Sufficient.html,reference,false,outside the bounded core/ancillary freeze
https://www.randomservices.org/random/point/Likelihood.html,https://www.randomservices.org/random/point/Unbiased.html,reference,false,outside the bounded core/ancillary freeze
https://www.randomservices.org/random/point/Likelihood.html,https://www.randomservices.org/random/point/index.html,reference,false,outside the bounded core/ancillary freeze
https://www.randomservices.org/random/point/Likelihood.html,https://www.randomservices.org/random/poisson/Poisson.html,reference,false,outside the bounded core/ancillary freeze
https://www.randomservices.org/random/point/Likelihood.html,https://www.randomservices.org/random/poisson/index.html,reference,false,outside the bounded core/ancillary freeze
https://www.randomservices.org/random/point/Likelihood.html,https://www.randomservices.org/random/prob/Experiments.html,reference,false,outside the bounded core/ancillary freeze
https://www.randomservices.org/random/point/Likelihood.html,https://www.randomservices.org/random/prob/Probability.html,reference,false,outside the bounded core/ancillary freeze
https://www.randomservices.org/random/point/Likelihood.html,https://www.randomservices.org/random/sample/Mean.html,reference,false,outside the bounded core/ancillary freeze
https://www.randomservices.org/random/point/Likelihood.html,https://www.randomservices.org/random/sample/OrderStatistics.html,reference,false,outside the bounded core/ancillary freeze
https://www.randomservices.org/random/point/Likelihood.html,https://www.randomservices.org/random/sample/Variance.html,reference,false,outside the bounded core/ancillary freeze
https://www.randomservices.org/random/point/Likelihood.html,https://www.randomservices.org/random/sample/index.html,reference,false,outside the bounded core/ancillary freeze
https://www.randomservices.org/random/point/Likelihood.html,https://www.randomservices.org/random/special/Beta.html,reference,false,outside the bounded core/ancillary freeze
https://www.randomservices.org/random/point/Likelihood.html,https://www.randomservices.org/random/special/Gamma.html,reference,false,outside the bounded core/ancillary freeze
https://www.randomservices.org/random/point/Likelihood.html,https://www.randomservices.org/random/special/Normal.html,reference,false,outside the bounded core/ancillary freeze
https://www.randomservices.org/random/point/Likelihood.html,https://www.randomservices.org/random/special/Pareto.html,reference,false,outside the bounded core/ancillary freeze
https://www.randomservices.org/random/point/Likelihood.html,https://www.randomservices.org/random/urn/Hypergeometric.html,reference,false,outside the bounded core/ancillary freeze
https://www.randomservices.org/random/point/Likelihood.html,https://www.randomservices.org/random/urn/OrderStatistics.html,reference,false,outside the bounded core/ancillary freeze
https://www.randomservices.org/random/point/Likelihood.html,https://www.randomservices.org/random/urn/index.html,reference,false,outside the bounded core/ancillary freeze
https://www.randomservices.org/random/point/Moments.html,https://www.randomservices.org/MathJax/tex-svg.js,asset,true,
https://www.randomservices.org/random/point/Moments.html,https://www.randomservices.org/random/Basic.js,asset,true,
https://www.randomservices.org/random/point/Moments.html,https://www.randomservices.org/random/Screen.css,asset,true,
https://www.randomservices.org/random/point/Moments.html,https://www.randomservices.org/random/apps/BetaEstimate.html,ancillary,true,
https://www.randomservices.org/random/point/Moments.html,https://www.randomservices.org/random/apps/GammaEstimate.html,ancillary,true,
https://www.randomservices.org/random/point/Moments.html,https://www.randomservices.org/random/apps/NormalEstimate.html,ancillary,true,
https://www.randomservices.org/random/point/Moments.html,https://www.randomservices.org/random/apps/ParetoEstimate.html,ancillary,true,
https://www.randomservices.org/random/point/Moments.html,https://www.randomservices.org/random/apps/index.html,ancillary,true,
https://www.randomservices.org/random/point/Moments.html,https://www.randomservices.org/random/bernoulli/Binomial.html,reference,false,outside the bounded core/ancillary freeze
https://www.randomservices.org/random/point/Moments.html,https://www.randomservices.org/random/bernoulli/Geometric.html,reference,false,outside the bounded core/ancillary freeze
https://www.randomservices.org/random/point/Moments.html,https://www.randomservices.org/random/bernoulli/NegativeBinomial.html,reference,false,outside the bounded core/ancillary freeze
https://www.randomservices.org/random/point/Moments.html,https://www.randomservices.org/random/bernoulli/index.html,reference,false,outside the bounded core/ancillary freeze
https://www.randomservices.org/random/point/Moments.html,https://www.randomservices.org/random/biographies/Bernoulli.html,ancillary,true,
https://www.randomservices.org/random/point/Moments.html,https://www.randomservices.org/random/biographies/Erlang.html,ancillary,true,
https://www.randomservices.org/random/point/Moments.html,https://www.randomservices.org/random/biographies/Pareto.html,ancillary,true,
https://www.randomservices.org/random/point/Moments.html,https://www.randomservices.org/random/biographies/Poisson.html,ancillary,true,
https://www.randomservices.org/random/point/Moments.html,https://www.randomservices.org/random/biographies/index.html,ancillary,true,
https://www.randomservices.org/random/point/Moments.html,https://www.randomservices.org/random/data/index.html,ancillary,true,
https://www.randomservices.org/random/point/Moments.html,https://www.randomservices.org/random/expect/Properties.html,reference,false,outside the bounded core/ancillary freeze
https://www.randomservices.org/random/point/Moments.html,https://www.randomservices.org/random/expect/Variance.html,reference,false,outside the bounded core/ancillary freeze
https://www.randomservices.org/random/point/Moments.html,https://www.randomservices.org/random/icons/Icon.svg,asset,true,
https://www.randomservices.org/random/point/Moments.html,https://www.randomservices.org/random/icons/Minus.svg,asset,true,
https://www.randomservices.org/random/point/Moments.html,https://www.randomservices.org/random/icons/Plus.svg,asset,true,
https://www.randomservices.org/random/point/Moments.html,https://www.randomservices.org/random/index.html,reference,false,outside the bounded core/ancillary freeze
https://www.randomservices.org/random/point/Moments.html,https://www.randomservices.org/random/point/Bayes.html,reference,false,outside the bounded core/ancillary freeze
https://www.randomservices.org/random/point/Moments.html,https://www.randomservices.org/random/point/Estimators.html,reference,false,outside the bounded core/ancillary freeze
https://www.randomservices.org/random/point/Moments.html,https://www.randomservices.org/random/point/Likelihood.html,reference,false,outside the bounded core/ancillary freeze
https://www.randomservices.org/random/point/Moments.html,https://www.randomservices.org/random/point/Sufficient.html,reference,false,outside the bounded core/ancillary freeze
https://www.randomservices.org/random/point/Moments.html,https://www.randomservices.org/random/point/Unbiased.html,reference,false,outside the bounded core/ancillary freeze
https://www.randomservices.org/random/point/Moments.html,https://www.randomservices.org/random/point/index.html,reference,false,outside the bounded core/ancillary freeze
https://www.randomservices.org/random/point/Moments.html,https://www.randomservices.org/random/poisson/Gamma.html,reference,false,outside the bounded core/ancillary freeze
https://www.randomservices.org/random/point/Moments.html,https://www.randomservices.org/random/poisson/Poisson.html,reference,false,outside the bounded core/ancillary freeze
https://www.randomservices.org/random/point/Moments.html,https://www.randomservices.org/random/poisson/index.html,reference,false,outside the bounded core/ancillary freeze
https://www.randomservices.org/random/point/Moments.html,https://www.randomservices.org/random/prob/Experiments.html,reference,false,outside the bounded core/ancillary freeze
https://www.randomservices.org/random/point/Moments.html,https://www.randomservices.org/random/prob/Independence.html,reference,false,outside the bounded core/ancillary freeze
https://www.randomservices.org/random/point/Moments.html,https://www.randomservices.org/random/prob/Probability.html,reference,false,outside the bounded core/ancillary freeze
https://www.randomservices.org/random/point/Moments.html,https://www.randomservices.org/random/sample/CLT.html,reference,false,outside the bounded core/ancillary freeze
https://www.randomservices.org/random/point/Moments.html,https://www.randomservices.org/random/sample/Introduction.html,reference,false,outside the bounded core/ancillary freeze
https://www.randomservices.org/random/point/Moments.html,https://www.randomservices.org/random/sample/Variance.html,reference,false,outside the bounded core/ancillary freeze
https://www.randomservices.org/random/point/Moments.html,https://www.randomservices.org/random/special/Beta.html,reference,false,outside the bounded core/ancillary freeze
https://www.randomservices.org/random/point/Moments.html,https://www.randomservices.org/random/special/ChiSquare.html,reference,false,outside the bounded core/ancillary freeze
https://www.randomservices.org/random/point/Moments.html,https://www.randomservices.org/random/special/Gamma.html,reference,false,outside the bounded core/ancillary freeze
https://www.randomservices.org/random/point/Moments.html,https://www.randomservices.org/random/special/Normal.html,reference,false,outside the bounded core/ancillary freeze
https://www.randomservices.org/random/point/Moments.html,https://www.randomservices.org/random/special/Pareto.html,reference,false,outside the bounded core/ancillary freeze
https://www.randomservices.org/random/point/Moments.html,https://www.randomservices.org/random/special/UniformContinuous.html,reference,false,outside the bounded core/ancillary freeze
https://www.randomservices.org/random/point/Moments.html,https://www.randomservices.org/random/urn/Hypergeometric.html,reference,false,outside the bounded core/ancillary freeze
https://www.randomservices.org/random/point/Sufficient.html,https://www.randomservices.org/MathJax/tex-svg.js,asset,true,
https://www.randomservices.org/random/point/Sufficient.html,https://www.randomservices.org/random/Basic.js,asset,true,
https://www.randomservices.org/random/point/Sufficient.html,https://www.randomservices.org/random/Screen.css,asset,true,
https://www.randomservices.org/random/point/Sufficient.html,https://www.randomservices.org/random/apps/BetaEstimate.html,ancillary,true,
https://www.randomservices.org/random/point/Sufficient.html,https://www.randomservices.org/random/apps/GammaEstimate.html,ancillary,true,
https://www.randomservices.org/random/point/Sufficient.html,https://www.randomservices.org/random/apps/NormalEstimate.html,ancillary,true,
https://www.randomservices.org/random/point/Sufficient.html,https://www.randomservices.org/random/apps/ParetoEstimate.html,ancillary,true,
https://www.randomservices.org/random/point/Sufficient.html,https://www.randomservices.org/random/apps/UniformEstimate.html,ancillary,true,
https://www.randomservices.org/random/point/Sufficient.html,https://www.randomservices.org/random/apps/index.html,ancillary,true,
https://www.randomservices.org/random/point/Sufficient.html,https://www.randomservices.org/random/bernoulli/Binomial.html,reference,false,outside the bounded core/ancillary freeze
https://www.randomservices.org/random/point/Sufficient.html,https://www.randomservices.org/random/bernoulli/Introduction.html,reference,false,outside the bounded core/ancillary freeze
https://www.randomservices.org/random/point/Sufficient.html,https://www.randomservices.org/random/bernoulli/Multinomial.html,reference,false,outside the bounded core/ancillary freeze
https://www.randomservices.org/random/point/Sufficient.html,https://www.randomservices.org/random/bernoulli/index.html,reference,false,outside the bounded core/ancillary freeze
https://www.randomservices.org/random/point/Sufficient.html,https://www.randomservices.org/random/biographies/Bernoulli.html,ancillary,true,
https://www.randomservices.org/random/point/Sufficient.html,https://www.randomservices.org/random/biographies/Blackwell.html,ancillary,true,
https://www.randomservices.org/random/point/Sufficient.html,https://www.randomservices.org/random/biographies/Fisher.html,ancillary,true,
https://www.randomservices.org/random/point/Sufficient.html,https://www.randomservices.org/random/biographies/Lehmann.html,ancillary,false,fetch failed for https://www.randomservices.org/random/biographies/Lehmann.html: The read operation timed out
https://www.randomservices.org/random/point/Sufficient.html,https://www.randomservices.org/random/biographies/Neyman.html,ancillary,true,
https://www.randomservices.org/random/point/Sufficient.html,https://www.randomservices.org/random/biographies/Pareto.html,ancillary,true,
https://www.randomservices.org/random/point/Sufficient.html,https://www.randomservices.org/random/biographies/Poisson.html,ancillary,true,
https://www.randomservices.org/random/point/Sufficient.html,https://www.randomservices.org/random/biographies/Rao.html,ancillary,true,
https://www.randomservices.org/random/point/Sufficient.html,https://www.randomservices.org/random/biographies/Scheffe.html,ancillary,true,
https://www.randomservices.org/random/point/Sufficient.html,https://www.randomservices.org/random/biographies/index.html,ancillary,true,
https://www.randomservices.org/random/point/Sufficient.html,https://www.randomservices.org/random/data/index.html,ancillary,true,
https://www.randomservices.org/random/point/Sufficient.html,https://www.randomservices.org/random/dist/Conditional.html,reference,false,outside the bounded core/ancillary freeze
https://www.randomservices.org/random/point/Sufficient.html,https://www.randomservices.org/random/dist/Discrete.html,reference,false,outside the bounded core/ancillary freeze
https://www.randomservices.org/random/point/Sufficient.html,https://www.randomservices.org/random/expect/Conditional.html,reference,false,outside the bounded core/ancillary freeze
https://www.randomservices.org/random/point/Sufficient.html,https://www.randomservices.org/random/expect/Generating.html,reference,false,outside the bounded core/ancillary freeze
https://www.randomservices.org/random/point/Sufficient.html,https://www.randomservices.org/random/icons/Icon.svg,asset,true,
https://www.randomservices.org/random/point/Sufficient.html,https://www.randomservices.org/random/icons/Minus.svg,asset,true,
https://www.randomservices.org/random/point/Sufficient.html,https://www.randomservices.org/random/icons/Plus.svg,asset,true,
https://www.randomservices.org/random/point/Sufficient.html,https://www.randomservices.org/random/index.html,reference,false,outside the bounded core/ancillary freeze
https://www.randomservices.org/random/point/Sufficient.html,https://www.randomservices.org/random/point/Bayes.html,reference,false,outside the bounded core/ancillary freeze
https://www.randomservices.org/random/point/Sufficient.html,https://www.randomservices.org/random/point/Estimators.html,reference,false,outside the bounded core/ancillary freeze
https://www.randomservices.org/random/point/Sufficient.html,https://www.randomservices.org/random/point/Likelihood.html,reference,false,outside the bounded core/ancillary freeze
https://www.randomservices.org/random/point/Sufficient.html,https://www.randomservices.org/random/point/Moments.html,reference,false,outside the bounded core/ancillary freeze
https://www.randomservices.org/random/point/Sufficient.html,https://www.randomservices.org/random/point/Unbiased.html,reference,false,outside the bounded core/ancillary freeze
https://www.randomservices.org/random/point/Sufficient.html,https://www.randomservices.org/random/point/index.html,reference,false,outside the bounded core/ancillary freeze
https://www.randomservices.org/random/point/Sufficient.html,https://www.randomservices.org/random/poisson/Poisson.html,reference,false,outside the bounded core/ancillary freeze
https://www.randomservices.org/random/point/Sufficient.html,https://www.randomservices.org/random/poisson/index.html,reference,false,outside the bounded core/ancillary freeze
https://www.randomservices.org/random/point/Sufficient.html,https://www.randomservices.org/random/prob/Experiments.html,reference,false,outside the bounded core/ancillary freeze
https://www.randomservices.org/random/point/Sufficient.html,https://www.randomservices.org/random/prob/Probability.html,reference,false,outside the bounded core/ancillary freeze
https://www.randomservices.org/random/point/Sufficient.html,https://www.randomservices.org/random/sample/CLT.html,reference,false,outside the bounded core/ancillary freeze
https://www.randomservices.org/random/point/Sufficient.html,https://www.randomservices.org/random/sample/Introduction.html,reference,false,outside the bounded core/ancillary freeze
https://www.randomservices.org/random/point/Sufficient.html,https://www.randomservices.org/random/sample/Normal.html,reference,false,outside the bounded core/ancillary freeze
https://www.randomservices.org/random/point/Sufficient.html,https://www.randomservices.org/random/sample/OrderStatistics.html,reference,false,outside the bounded core/ancillary freeze
https://www.randomservices.org/random/point/Sufficient.html,https://www.randomservices.org/random/special/Beta.html,reference,false,outside the bounded core/ancillary freeze
https://www.randomservices.org/random/point/Sufficient.html,https://www.randomservices.org/random/special/ChiSquare.html,reference,false,outside the bounded core/ancillary freeze
https://www.randomservices.org/random/point/Sufficient.html,https://www.randomservices.org/random/special/Gamma.html,reference,false,outside the bounded core/ancillary freeze
https://www.randomservices.org/random/point/Sufficient.html,https://www.randomservices.org/random/special/GeneralExponential.html,reference,false,outside the bounded core/ancillary freeze
https://www.randomservices.org/random/point/Sufficient.html,https://www.randomservices.org/random/special/Normal.html,reference,false,outside the bounded core/ancillary freeze
https://www.randomservices.org/random/point/Sufficient.html,https://www.randomservices.org/random/special/Pareto.html,reference,false,outside the bounded core/ancillary freeze
https://www.randomservices.org/random/point/Sufficient.html,https://www.randomservices.org/random/special/UniformContinuous.html,reference,false,outside the bounded core/ancillary freeze
https://www.randomservices.org/random/point/Sufficient.html,https://www.randomservices.org/random/urn/Hypergeometric.html,reference,false,outside the bounded core/ancillary freeze
https://www.randomservices.org/random/point/Unbiased.html,https://www.randomservices.org/MathJax/tex-svg.js,asset,true,
https://www.randomservices.org/random/point/Unbiased.html,https://www.randomservices.org/random/Basic.js,asset,true,
https://www.randomservices.org/random/point/Unbiased.html,https://www.randomservices.org/random/Screen.css,asset,true,
https://www.randomservices.org/random/point/Unbiased.html,https://www.randomservices.org/random/apps/index.html,ancillary,true,
https://www.randomservices.org/random/point/Unbiased.html,https://www.randomservices.org/random/bernoulli/Introduction.html,reference,false,outside the bounded core/ancillary freeze
https://www.randomservices.org/random/point/Unbiased.html,https://www.randomservices.org/random/biographies/Bernoulli.html,ancillary,true,
https://www.randomservices.org/random/point/Unbiased.html,https://www.randomservices.org/random/biographies/Cramer.html,ancillary,true,
https://www.randomservices.org/random/point/Unbiased.html,https://www.randomservices.org/random/biographies/Fisher.html,ancillary,true,
https://www.randomservices.org/random/point/Unbiased.html,https://www.randomservices.org/random/biographies/Lagrange.html,ancillary,true,
https://www.randomservices.org/random/point/Unbiased.html,https://www.randomservices.org/random/biographies/Poisson.html,ancillary,true,
https://www.randomservices.org/random/point/Unbiased.html,https://www.randomservices.org/random/biographies/Rao.html,ancillary,true,
https://www.randomservices.org/random/point/Unbiased.html,https://www.randomservices.org/random/biographies/index.html,ancillary,true,
https://www.randomservices.org/random/point/Unbiased.html,https://www.randomservices.org/random/data/index.html,ancillary,true,
https://www.randomservices.org/random/point/Unbiased.html,https://www.randomservices.org/random/dist/index.html,reference,false,outside the bounded core/ancillary freeze
https://www.randomservices.org/random/point/Unbiased.html,https://www.randomservices.org/random/expect/Covariance.html,reference,false,outside the bounded core/ancillary freeze
https://www.randomservices.org/random/point/Unbiased.html,https://www.randomservices.org/random/expect/Properties.html,reference,false,outside the bounded core/ancillary freeze
https://www.randomservices.org/random/point/Unbiased.html,https://www.randomservices.org/random/expect/Variance.html,reference,false,outside the bounded core/ancillary freeze
https://www.randomservices.org/random/point/Unbiased.html,https://www.randomservices.org/random/icons/Icon.svg,asset,true,
https://www.randomservices.org/random/point/Unbiased.html,https://www.randomservices.org/random/icons/Minus.svg,asset,true,
https://www.randomservices.org/random/point/Unbiased.html,https://www.randomservices.org/random/icons/Plus.svg,asset,true,
https://www.randomservices.org/random/point/Unbiased.html,https://www.randomservices.org/random/index.html,reference,false,outside the bounded core/ancillary freeze
https://www.randomservices.org/random/point/Unbiased.html,https://www.randomservices.org/random/point/Bayes.html,reference,false,outside the bounded core/ancillary freeze
https://www.randomservices.org/random/point/Unbiased.html,https://www.randomservices.org/random/point/Estimators.html,reference,false,outside the bounded core/ancillary freeze
https://www.randomservices.org/random/point/Unbiased.html,https://www.randomservices.org/random/point/Likelihood.html,reference,false,outside the bounded core/ancillary freeze
https://www.randomservices.org/random/point/Unbiased.html,https://www.randomservices.org/random/point/Moments.html,reference,false,outside the bounded core/ancillary freeze
https://www.randomservices.org/random/point/Unbiased.html,https://www.randomservices.org/random/point/Sufficient.html,reference,false,outside the bounded core/ancillary freeze
https://www.randomservices.org/random/point/Unbiased.html,https://www.randomservices.org/random/point/index.html,reference,false,outside the bounded core/ancillary freeze
https://www.randomservices.org/random/point/Unbiased.html,https://www.randomservices.org/random/poisson/Poisson.html,reference,false,outside the bounded core/ancillary freeze
https://www.randomservices.org/random/point/Unbiased.html,https://www.randomservices.org/random/poisson/index.html,reference,false,outside the bounded core/ancillary freeze
https://www.randomservices.org/random/point/Unbiased.html,https://www.randomservices.org/random/prob/Experiments.html,reference,false,outside the bounded core/ancillary freeze
https://www.randomservices.org/random/point/Unbiased.html,https://www.randomservices.org/random/prob/Probability.html,reference,false,outside the bounded core/ancillary freeze
https://www.randomservices.org/random/point/Unbiased.html,https://www.randomservices.org/random/sample/CLT.html,reference,false,outside the bounded core/ancillary freeze
https://www.randomservices.org/random/point/Unbiased.html,https://www.randomservices.org/random/sample/Introduction.html,reference,false,outside the bounded core/ancillary freeze
https://www.randomservices.org/random/point/Unbiased.html,https://www.randomservices.org/random/sample/Mean.html,reference,false,outside the bounded core/ancillary freeze
https://www.randomservices.org/random/point/Unbiased.html,https://www.randomservices.org/random/sample/Variance.html,reference,false,outside the bounded core/ancillary freeze
https://www.randomservices.org/random/point/Unbiased.html,https://www.randomservices.org/random/special/Beta.html,reference,false,outside the bounded core/ancillary freeze
https://www.randomservices.org/random/point/Unbiased.html,https://www.randomservices.org/random/special/Gamma.html,reference,false,outside the bounded core/ancillary freeze
https://www.randomservices.org/random/point/Unbiased.html,https://www.randomservices.org/random/special/Normal.html,reference,false,outside the bounded core/ancillary freeze
https://www.randomservices.org/random/point/Unbiased.html,https://www.randomservices.org/random/special/UniformContinuous.html,reference,false,outside the bounded core/ancillary freeze
https://www.randomservices.org/random/point/index.html,http://mathworld.wolfram.com/topics/ProbabilityandStatistics.html,reference,false,outside the bounded core/ancillary freeze
https://www.randomservices.org/random/point/index.html,"http://www.google.com/search?q=An+Introduction+to+Mathematical+Statistics,Larsen,Marx",reference,false,outside the bounded core/ancillary freeze
https://www.randomservices.org/random/point/index.html,"http://www.google.com/search?q=Elementary+Statistics,Triola",reference,false,outside the bounded core/ancillary freeze
https://www.randomservices.org/random/point/index.html,"http://www.google.com/search?q=Introduction+to+Probability+and+Mathematical+Statistics,+Bain,+Engelhardt",reference,false,outside the bounded core/ancillary freeze
https://www.randomservices.org/random/point/index.html,"http://www.google.com/search?q=Introductory+Statistics,Weiss",reference,false,outside the bounded core/ancillary freeze
https://www.randomservices.org/random/point/index.html,http://www.google.com/search?q=Statistical+Inference+Casella+Berger,reference,false,outside the bounded core/ancillary freeze
https://www.randomservices.org/random/point/index.html,"http://www.google.com/search?q=Statistics,Freedman,Pisani,Purves",reference,false,outside the bounded core/ancillary freeze
https://www.randomservices.org/random/point/index.html,https://en.wikipedia.org/wiki/Portal:Statistics,reference,false,outside the bounded core/ancillary freeze
https://www.randomservices.org/random/point/index.html,https://www.randomservices.org/random/Basic.js,asset,true,
https://www.randomservices.org/random/point/index.html,https://www.randomservices.org/random/Screen.css,asset,true,
https://www.randomservices.org/random/point/index.html,https://www.randomservices.org/random/apps/BetaCoin.html,ancillary,true,
https://www.randomservices.org/random/point/index.html,https://www.randomservices.org/random/apps/BetaEstimate.html,ancillary,true,
https://www.randomservices.org/random/point/index.html,https://www.randomservices.org/random/apps/GammaEstimate.html,ancillary,true,
https://www.randomservices.org/random/point/index.html,https://www.randomservices.org/random/apps/NormalEstimate.html,ancillary,true,
https://www.randomservices.org/random/point/index.html,https://www.randomservices.org/random/apps/ParetoEstimate.html,ancillary,true,
https://www.randomservices.org/random/point/index.html,https://www.randomservices.org/random/apps/UniformEstimate.html,ancillary,true,
https://www.randomservices.org/random/point/index.html,https://www.randomservices.org/random/apps/index.html,ancillary,true,
https://www.randomservices.org/random/point/index.html,https://www.randomservices.org/random/bernoulli/index.html,reference,false,outside the bounded core/ancillary freeze
https://www.randomservices.org/random/point/index.html,https://www.randomservices.org/random/biographies/Tukey.html,ancillary,true,
https://www.randomservices.org/random/point/index.html,https://www.randomservices.org/random/biographies/index.html,ancillary,true,
https://www.randomservices.org/random/point/index.html,https://www.randomservices.org/random/brown/index.html,reference,false,outside the bounded core/ancillary freeze
https://www.randomservices.org/random/point/index.html,https://www.randomservices.org/random/buffon/index.html,reference,false,outside the bounded core/ancillary freeze
https://www.randomservices.org/random/point/index.html,https://www.randomservices.org/random/data/index.html,ancillary,true,
https://www.randomservices.org/random/point/index.html,https://www.randomservices.org/random/dist/index.html,reference,false,outside the bounded core/ancillary freeze
https://www.randomservices.org/random/point/index.html,https://www.randomservices.org/random/expect/index.html,reference,false,outside the bounded core/ancillary freeze
https://www.randomservices.org/random/point/index.html,https://www.randomservices.org/random/foundations/index.html,reference,false,outside the bounded core/ancillary freeze
https://www.randomservices.org/random/point/index.html,https://www.randomservices.org/random/games/index.html,reference,false,outside the bounded core/ancillary freeze
https://www.randomservices.org/random/point/index.html,https://www.randomservices.org/random/hypothesis/index.html,reference,false,outside the bounded core/ancillary freeze
https://www.randomservices.org/random/point/index.html,https://www.randomservices.org/random/icons/Icon.svg,asset,true,
https://www.randomservices.org/random/point/index.html,https://www.randomservices.org/random/index.html,reference,false,outside the bounded core/ancillary freeze
https://www.randomservices.org/random/point/index.html,https://www.randomservices.org/random/interval/index.html,reference,false,outside the bounded core/ancillary freeze
https://www.randomservices.org/random/point/index.html,https://www.randomservices.org/random/markov/index.html,reference,false,outside the bounded core/ancillary freeze
https://www.randomservices.org/random/point/index.html,https://www.randomservices.org/random/martingales/index.html,reference,false,outside the bounded core/ancillary freeze
https://www.randomservices.org/random/point/index.html,https://www.randomservices.org/random/point/Bayes.html,reference,false,outside the bounded core/ancillary freeze
https://www.randomservices.org/random/point/index.html,https://www.randomservices.org/random/point/Estimators.html,reference,false,outside the bounded core/ancillary freeze
https://www.randomservices.org/random/point/index.html,https://www.randomservices.org/random/point/Likelihood.html,reference,false,outside the bounded core/ancillary freeze
https://www.randomservices.org/random/point/index.html,https://www.randomservices.org/random/point/Moments.html,reference,false,outside the bounded core/ancillary freeze
https://www.randomservices.org/random/point/index.html,https://www.randomservices.org/random/point/Sufficient.html,reference,false,outside the bounded core/ancillary freeze
https://www.randomservices.org/random/point/index.html,https://www.randomservices.org/random/point/Unbiased.html,reference,false,outside the bounded core/ancillary freeze
https://www.randomservices.org/random/point/index.html,https://www.randomservices.org/random/poisson/index.html,reference,false,outside the bounded core/ancillary freeze
https://www.randomservices.org/random/point/index.html,https://www.randomservices.org/random/prob/index.html,reference,false,outside the bounded core/ancillary freeze
https://www.randomservices.org/random/point/index.html,https://www.randomservices.org/random/renewal/index.html,reference,false,outside the bounded core/ancillary freeze
https://www.randomservices.org/random/point/index.html,https://www.randomservices.org/random/sample/index.html,reference,false,outside the bounded core/ancillary freeze
https://www.randomservices.org/random/point/index.html,https://www.randomservices.org/random/special/index.html,reference,false,outside the bounded core/ancillary freeze
https://www.randomservices.org/random/point/index.html,https://www.randomservices.org/random/urn/index.html,reference,false,outside the bounded core/ancillary freeze
https://www.randomservices.org/random/sample/CLT.html,https://www.randomservices.org/MathJax/tex-svg.js,asset,true,
https://www.randomservices.org/random/sample/CLT.html,https://www.randomservices.org/random/Basic.js,asset,true,
https://www.randomservices.org/random/sample/CLT.html,https://www.randomservices.org/random/Screen.css,asset,true,
https://www.randomservices.org/random/sample/CLT.html,https://www.randomservices.org/random/apps/BinomialTimeline.html,ancillary,true,
https://www.randomservices.org/random/sample/CLT.html,https://www.randomservices.org/random/apps/Dice.html,ancillary,true,
https://www.randomservices.org/random/sample/CLT.html,https://www.randomservices.org/random/apps/NegativeBinomial.html,ancillary,true,
https://www.randomservices.org/random/sample/CLT.html,https://www.randomservices.org/random/apps/Poisson.html,ancillary,true,
https://www.randomservices.org/random/sample/CLT.html,https://www.randomservices.org/random/apps/SpecialSimulator.html,ancillary,true,
https://www.randomservices.org/random/sample/CLT.html,https://www.randomservices.org/random/apps/index.html,ancillary,true,
https://www.randomservices.org/random/sample/CLT.html,https://www.randomservices.org/random/bernoulli/Binomial.html,reference,false,outside the bounded core/ancillary freeze
https://www.randomservices.org/random/sample/CLT.html,https://www.randomservices.org/random/bernoulli/Geometric.html,reference,false,outside the bounded core/ancillary freeze
https://www.randomservices.org/random/sample/CLT.html,https://www.randomservices.org/random/bernoulli/NegativeBinomial.html,reference,false,outside the bounded core/ancillary freeze
https://www.randomservices.org/random/sample/CLT.html,https://www.randomservices.org/random/bernoulli/index.html,reference,false,outside the bounded core/ancillary freeze
https://www.randomservices.org/random/sample/CLT.html,https://www.randomservices.org/random/biographies/Bernoulli.html,ancillary,true,
https://www.randomservices.org/random/sample/CLT.html,https://www.randomservices.org/random/biographies/DeMoivre.html,ancillary,true,
https://www.randomservices.org/random/sample/CLT.html,https://www.randomservices.org/random/biographies/Erlang.html,ancillary,true,
https://www.randomservices.org/random/sample/CLT.html,https://www.randomservices.org/random/biographies/Pareto.html,ancillary,true,
https://www.randomservices.org/random/sample/CLT.html,https://www.randomservices.org/random/biographies/Poisson.html,ancillary,true,
https://www.randomservices.org/random/sample/CLT.html,https://www.randomservices.org/random/biographies/Polya.html,ancillary,true,
https://www.randomservices.org/random/sample/CLT.html,https://www.randomservices.org/random/biographies/Taylor.html,ancillary,true,
https://www.randomservices.org/random/sample/CLT.html,https://www.randomservices.org/random/biographies/Wald.html,ancillary,true,
https://www.randomservices.org/random/sample/CLT.html,https://www.randomservices.org/random/biographies/index.html,ancillary,true,
https://www.randomservices.org/random/sample/CLT.html,https://www.randomservices.org/random/brown/Standard.html,reference,false,outside the bounded core/ancillary freeze
https://www.randomservices.org/random/sample/CLT.html,https://www.randomservices.org/random/data/index.html,ancillary,true,
https://www.randomservices.org/random/sample/CLT.html,https://www.randomservices.org/random/dist/CDF.html,reference,false,outside the bounded core/ancillary freeze
https://www.randomservices.org/random/sample/CLT.html,https://www.randomservices.org/random/dist/Continuous.html,reference,false,outside the bounded core/ancillary freeze
https://www.randomservices.org/random/sample/CLT.html,https://www.randomservices.org/random/dist/Convergence.html,reference,false,outside the bounded core/ancillary freeze
https://www.randomservices.org/random/sample/CLT.html,https://www.randomservices.org/random/dist/Discrete.html,reference,false,outside the bounded core/ancillary freeze
https://www.randomservices.org/random/sample/CLT.html,https://www.randomservices.org/random/dist/Transformations.html,reference,false,outside the bounded core/ancillary freeze
https://www.randomservices.org/random/sample/CLT.html,https://www.randomservices.org/random/expect/Conditional.html,reference,false,outside the bounded core/ancillary freeze
https://www.randomservices.org/random/sample/CLT.html,https://www.randomservices.org/random/expect/Covariance.html,reference,false,outside the bounded core/ancillary freeze
https://www.randomservices.org/random/sample/CLT.html,https://www.randomservices.org/random/expect/Generating.html,reference,false,outside the bounded core/ancillary freeze
https://www.randomservices.org/random/sample/CLT.html,https://www.randomservices.org/random/expect/Properties.html,reference,false,outside the bounded core/ancillary freeze
https://www.randomservices.org/random/sample/CLT.html,https://www.randomservices.org/random/expect/Variance.html,reference,false,outside the bounded core/ancillary freeze
https://www.randomservices.org/random/sample/CLT.html,https://www.randomservices.org/random/foundations/Measure.html,reference,false,outside the bounded core/ancillary freeze
https://www.randomservices.org/random/sample/CLT.html,https://www.randomservices.org/random/icons/Icon.svg,asset,true,
https://www.randomservices.org/random/sample/CLT.html,https://www.randomservices.org/random/icons/Minus.svg,asset,true,
https://www.randomservices.org/random/sample/CLT.html,https://www.randomservices.org/random/icons/Plus.svg,asset,true,
https://www.randomservices.org/random/sample/CLT.html,https://www.randomservices.org/random/index.html,reference,false,outside the bounded core/ancillary freeze
https://www.randomservices.org/random/sample/CLT.html,https://www.randomservices.org/random/martingales/Stop.html,reference,false,outside the bounded core/ancillary freeze
https://www.randomservices.org/random/sample/CLT.html,https://www.randomservices.org/random/martingales/index.html,reference,false,outside the bounded core/ancillary freeze
https://www.randomservices.org/random/sample/CLT.html,https://www.randomservices.org/random/poisson/Exponential.html,reference,false,outside the bounded core/ancillary freeze
https://www.randomservices.org/random/sample/CLT.html,https://www.randomservices.org/random/poisson/Gamma.html,reference,false,outside the bounded core/ancillary freeze
https://www.randomservices.org/random/sample/CLT.html,https://www.randomservices.org/random/poisson/Poisson.html,reference,false,outside the bounded core/ancillary freeze
https://www.randomservices.org/random/sample/CLT.html,https://www.randomservices.org/random/poisson/index.html,reference,false,outside the bounded core/ancillary freeze
https://www.randomservices.org/random/sample/CLT.html,https://www.randomservices.org/random/prob/Events.html,reference,false,outside the bounded core/ancillary freeze
https://www.randomservices.org/random/sample/CLT.html,https://www.randomservices.org/random/prob/Independence.html,reference,false,outside the bounded core/ancillary freeze
https://www.randomservices.org/random/sample/CLT.html,https://www.randomservices.org/random/prob/Stop.html,reference,false,outside the bounded core/ancillary freeze
https://www.randomservices.org/random/sample/CLT.html,https://www.randomservices.org/random/renewal/Introduction.html,reference,false,outside the bounded core/ancillary freeze
https://www.randomservices.org/random/sample/CLT.html,https://www.randomservices.org/random/renewal/index.html,reference,false,outside the bounded core/ancillary freeze
https://www.randomservices.org/random/sample/CLT.html,https://www.randomservices.org/random/sample/Covariance.html,reference,false,outside the bounded core/ancillary freeze
https://www.randomservices.org/random/sample/CLT.html,https://www.randomservices.org/random/sample/Introduction.html,reference,false,outside the bounded core/ancillary freeze
https://www.randomservices.org/random/sample/CLT.html,https://www.randomservices.org/random/sample/LLN.html,reference,false,outside the bounded core/ancillary freeze
https://www.randomservices.org/random/sample/CLT.html,https://www.randomservices.org/random/sample/Mean.html,reference,false,outside the bounded core/ancillary freeze
https://www.randomservices.org/random/sample/CLT.html,https://www.randomservices.org/random/sample/Normal.html,reference,false,outside the bounded core/ancillary freeze
https://www.randomservices.org/random/sample/CLT.html,https://www.randomservices.org/random/sample/OrderStatistics.html,reference,false,outside the bounded core/ancillary freeze
https://www.randomservices.org/random/sample/CLT.html,https://www.randomservices.org/random/sample/Variance.html,reference,false,outside the bounded core/ancillary freeze
https://www.randomservices.org/random/sample/CLT.html,https://www.randomservices.org/random/sample/index.html,reference,false,outside the bounded core/ancillary freeze
https://www.randomservices.org/random/sample/CLT.html,https://www.randomservices.org/random/special/ChiSquare.html,reference,false,outside the bounded core/ancillary freeze
https://www.randomservices.org/random/sample/CLT.html,https://www.randomservices.org/random/special/Gamma.html,reference,false,outside the bounded core/ancillary freeze
https://www.randomservices.org/random/sample/CLT.html,https://www.randomservices.org/random/special/IrwinHall.html,reference,false,outside the bounded core/ancillary freeze
https://www.randomservices.org/random/sample/CLT.html,https://www.randomservices.org/random/special/Normal.html,reference,false,outside the bounded core/ancillary freeze
https://www.randomservices.org/random/sample/Covariance.html,https://www.randomservices.org/MathJax/tex-svg.js,asset,true,
https://www.randomservices.org/random/sample/Covariance.html,https://www.randomservices.org/random/Basic.js,asset,true,
https://www.randomservices.org/random/sample/Covariance.html,https://www.randomservices.org/random/Screen.css,asset,true,
https://www.randomservices.org/random/sample/Covariance.html,https://www.randomservices.org/random/apps/BivariateNormal.html,ancillary,true,
https://www.randomservices.org/random/sample/Covariance.html,https://www.randomservices.org/random/apps/BivariateUniform.html,ancillary,true,
https://www.randomservices.org/random/sample/Covariance.html,https://www.randomservices.org/random/apps/Scatterplot.html,ancillary,true,
https://www.randomservices.org/random/sample/Covariance.html,https://www.randomservices.org/random/apps/index.html,ancillary,true,
https://www.randomservices.org/random/sample/Covariance.html,https://www.randomservices.org/random/biographies/index.html,ancillary,true,
https://www.randomservices.org/random/sample/Covariance.html,https://www.randomservices.org/random/data/Challenger.html,ancillary,true,
https://www.randomservices.org/random/sample/Covariance.html,https://www.randomservices.org/random/data/Iris.html,ancillary,true,
https://www.randomservices.org/random/sample/Covariance.html,https://www.randomservices.org/random/data/MM.html,ancillary,true,
https://www.randomservices.org/random/sample/Covariance.html,https://www.randomservices.org/random/data/Pearson.html,ancillary,true,
https://www.randomservices.org/random/sample/Covariance.html,https://www.randomservices.org/random/data/SAT.html,ancillary,true,
https://www.randomservices.org/random/sample/Covariance.html,https://www.randomservices.org/random/data/index.html,ancillary,true,
https://www.randomservices.org/random/sample/Covariance.html,https://www.randomservices.org/random/dist/Discrete.html,reference,false,outside the bounded core/ancillary freeze
https://www.randomservices.org/random/sample/Covariance.html,https://www.randomservices.org/random/expect/Covariance.html,reference,false,outside the bounded core/ancillary freeze
https://www.randomservices.org/random/sample/Covariance.html,https://www.randomservices.org/random/expect/Properties.html,reference,false,outside the bounded core/ancillary freeze
https://www.randomservices.org/random/sample/Covariance.html,https://www.randomservices.org/random/expect/Variance.html,reference,false,outside the bounded core/ancillary freeze
https://www.randomservices.org/random/sample/Covariance.html,https://www.randomservices.org/random/icons/Icon.svg,asset,true,
https://www.randomservices.org/random/sample/Covariance.html,https://www.randomservices.org/random/icons/Minus.svg,asset,true,
https://www.randomservices.org/random/sample/Covariance.html,https://www.randomservices.org/random/icons/Plus.svg,asset,true,
https://www.randomservices.org/random/sample/Covariance.html,https://www.randomservices.org/random/index.html,reference,false,outside the bounded core/ancillary freeze
https://www.randomservices.org/random/sample/Covariance.html,https://www.randomservices.org/random/prob/Experiments.html,reference,false,outside the bounded core/ancillary freeze
https://www.randomservices.org/random/sample/Covariance.html,https://www.randomservices.org/random/prob/Independence.html,reference,false,outside the bounded core/ancillary freeze
https://www.randomservices.org/random/sample/Covariance.html,https://www.randomservices.org/random/prob/Probability.html,reference,false,outside the bounded core/ancillary freeze
https://www.randomservices.org/random/sample/Covariance.html,https://www.randomservices.org/random/sample/CLT.html,reference,false,outside the bounded core/ancillary freeze
https://www.randomservices.org/random/sample/Covariance.html,https://www.randomservices.org/random/sample/Covariance.html,reference,false,outside the bounded core/ancillary freeze
https://www.randomservices.org/random/sample/Covariance.html,https://www.randomservices.org/random/sample/Introduction.html,reference,false,outside the bounded core/ancillary freeze
https://www.randomservices.org/random/sample/Covariance.html,https://www.randomservices.org/random/sample/LLN.html,reference,false,outside the bounded core/ancillary freeze
https://www.randomservices.org/random/sample/Covariance.html,https://www.randomservices.org/random/sample/LinearPredictor.png,asset,true,
https://www.randomservices.org/random/sample/Covariance.html,https://www.randomservices.org/random/sample/Mean.html,reference,false,outside the bounded core/ancillary freeze
https://www.randomservices.org/random/sample/Covariance.html,https://www.randomservices.org/random/sample/Normal.html,reference,false,outside the bounded core/ancillary freeze
https://www.randomservices.org/random/sample/Covariance.html,https://www.randomservices.org/random/sample/OrderStatistics.html,reference,false,outside the bounded core/ancillary freeze
https://www.randomservices.org/random/sample/Covariance.html,https://www.randomservices.org/random/sample/SampleLinearPredictor.png,asset,true,
https://www.randomservices.org/random/sample/Covariance.html,https://www.randomservices.org/random/sample/SampleRegression.png,asset,true,
https://www.randomservices.org/random/sample/Covariance.html,https://www.randomservices.org/random/sample/SampleRegressionMean.png,asset,true,
https://www.randomservices.org/random/sample/Covariance.html,https://www.randomservices.org/random/sample/ScatterPlot.png,asset,true,
https://www.randomservices.org/random/sample/Covariance.html,https://www.randomservices.org/random/sample/ScatterPlotMeans.png,asset,true,
https://www.randomservices.org/random/sample/Covariance.html,https://www.randomservices.org/random/sample/Variance.html,reference,false,outside the bounded core/ancillary freeze
https://www.randomservices.org/random/sample/Covariance.html,https://www.randomservices.org/random/sample/index.html,reference,false,outside the bounded core/ancillary freeze
https://www.randomservices.org/random/sample/Introduction.html,https://www.randomservices.org/MathJax/tex-svg.js,asset,true,
https://www.randomservices.org/random/sample/Introduction.html,https://www.randomservices.org/random/Basic.js,asset,true,
https://www.randomservices.org/random/sample/Introduction.html,https://www.randomservices.org/random/Screen.css,asset,true,
https://www.randomservices.org/random/sample/Introduction.html,https://www.randomservices.org/random/apps/index.html,ancillary,true,
https://www.randomservices.org/random/sample/Introduction.html,https://www.randomservices.org/random/bernoulli/Introduction.html,reference,false,outside the bounded core/ancillary freeze
https://www.randomservices.org/random/sample/Introduction.html,https://www.randomservices.org/random/biographies/index.html,ancillary,true,
https://www.randomservices.org/random/sample/Introduction.html,https://www.randomservices.org/random/buffon/Buffon.html,reference,false,outside the bounded core/ancillary freeze
https://www.randomservices.org/random/sample/Introduction.html,https://www.randomservices.org/random/data/1948Election.html,ancillary,false,fetch failed for https://www.randomservices.org/random/data/1948Election.html: HTTP Error 404: Not Found
https://www.randomservices.org/random/sample/Introduction.html,https://www.randomservices.org/random/data/Berkeley.html,ancillary,true,
https://www.randomservices.org/random/sample/Introduction.html,https://www.randomservices.org/random/data/Cavendish.html,ancillary,true,
https://www.randomservices.org/random/sample/Introduction.html,https://www.randomservices.org/random/data/Challenger.html,ancillary,true,
https://www.randomservices.org/random/sample/Introduction.html,https://www.randomservices.org/random/data/Cicada.html,ancillary,true,
https://www.randomservices.org/random/sample/Introduction.html,https://www.randomservices.org/random/data/Draft.html,ancillary,true,
https://www.randomservices.org/random/sample/Introduction.html,https://www.randomservices.org/random/data/Fisher.html,ancillary,false,fetch failed for https://www.randomservices.org/random/data/Fisher.html: HTTP Error 404: Not Found
https://www.randomservices.org/random/sample/Introduction.html,https://www.randomservices.org/random/data/LiteraryDigest.html,ancillary,true,
https://www.randomservices.org/random/sample/Introduction.html,https://www.randomservices.org/random/data/MM.html,ancillary,true,
https://www.randomservices.org/random/sample/Introduction.html,https://www.randomservices.org/random/data/Michelson.html,ancillary,true,
https://www.randomservices.org/random/sample/Introduction.html,https://www.randomservices.org/random/data/Pearson.html,ancillary,true,
https://www.randomservices.org/random/sample/Introduction.html,https://www.randomservices.org/random/data/Polio.html,ancillary,true,
https://www.randomservices.org/random/sample/Introduction.html,https://www.randomservices.org/random/data/SAT.html,ancillary,true,
https://www.randomservices.org/random/sample/Introduction.html,https://www.randomservices.org/random/data/Short.html,ancillary,true,
https://www.randomservices.org/random/sample/Introduction.html,https://www.randomservices.org/random/data/Snow.html,ancillary,true,
https://www.randomservices.org/random/sample/Introduction.html,https://www.randomservices.org/random/data/index.html,ancillary,true,
https://www.randomservices.org/random/sample/Introduction.html,https://www.randomservices.org/random/dist/discrete.html,reference,false,outside the bounded core/ancillary freeze
https://www.randomservices.org/random/sample/Introduction.html,https://www.randomservices.org/random/foundations/Equivalence.html,reference,false,outside the bounded core/ancillary freeze
https://www.randomservices.org/random/sample/Introduction.html,https://www.randomservices.org/random/icons/Icon.svg,asset,true,
https://www.randomservices.org/random/sample/Introduction.html,https://www.randomservices.org/random/icons/Minus.svg,asset,true,
https://www.randomservices.org/random/sample/Introduction.html,https://www.randomservices.org/random/icons/Plus.svg,asset,true,
https://www.randomservices.org/random/sample/Introduction.html,https://www.randomservices.org/random/index.html,reference,false,outside the bounded core/ancillary freeze
https://www.randomservices.org/random/sample/Introduction.html,https://www.randomservices.org/random/poisson/Introduction.html,reference,false,outside the bounded core/ancillary freeze
https://www.randomservices.org/random/sample/Introduction.html,https://www.randomservices.org/random/prob/Events.html,reference,false,outside the bounded core/ancillary freeze
https://www.randomservices.org/random/sample/Introduction.html,https://www.randomservices.org/random/prob/Experiments.html,reference,false,outside the bounded core/ancillary freeze
https://www.randomservices.org/random/sample/Introduction.html,https://www.randomservices.org/random/prob/Probability.html,reference,false,outside the bounded core/ancillary freeze
https://www.randomservices.org/random/sample/Introduction.html,https://www.randomservices.org/random/sample/CLT.html,reference,false,outside the bounded core/ancillary freeze
https://www.randomservices.org/random/sample/Introduction.html,https://www.randomservices.org/random/sample/Covariance.html,reference,false,outside the bounded core/ancillary freeze
https://www.randomservices.org/random/sample/Introduction.html,https://www.randomservices.org/random/sample/LLN.html,reference,false,outside the bounded core/ancillary freeze
https://www.randomservices.org/random/sample/Introduction.html,https://www.randomservices.org/random/sample/Mean.html,reference,false,outside the bounded core/ancillary freeze
https://www.randomservices.org/random/sample/Introduction.html,https://www.randomservices.org/random/sample/Normal.html,reference,false,outside the bounded core/ancillary freeze
https://www.randomservices.org/random/sample/Introduction.html,https://www.randomservices.org/random/sample/OrderStatistics.html,reference,false,outside the bounded core/ancillary freeze
https://www.randomservices.org/random/sample/Introduction.html,https://www.randomservices.org/random/sample/Variance.html,reference,false,outside the bounded core/ancillary freeze
https://www.randomservices.org/random/sample/Introduction.html,https://www.randomservices.org/random/sample/index.html,reference,false,outside the bounded core/ancillary freeze
https://www.randomservices.org/random/sample/Introduction.html,https://www.randomservices.org/random/special/Beta.html,reference,false,outside the bounded core/ancillary freeze
https://www.randomservices.org/random/sample/Introduction.html,https://www.randomservices.org/random/special/Gamma.html,reference,false,outside the bounded core/ancillary freeze
https://www.randomservices.org/random/sample/Introduction.html,https://www.randomservices.org/random/special/Normal.html,reference,false,outside the bounded core/ancillary freeze
https://www.randomservices.org/random/sample/Introduction.html,https://www.randomservices.org/random/special/Pareto.html,reference,false,outside the bounded core/ancillary freeze
https://www.randomservices.org/random/sample/Introduction.html,https://www.randomservices.org/random/special/Weibull.html,reference,false,outside the bounded core/ancillary freeze
https://www.randomservices.org/random/sample/Introduction.html,https://www.randomservices.org/random/special/index.html,reference,false,outside the bounded core/ancillary freeze
https://www.randomservices.org/random/sample/Introduction.html,https://www.randomservices.org/random/urn/OrderStatistics.html,reference,false,outside the bounded core/ancillary freeze
https://www.randomservices.org/random/sample/Introduction.html,https://www.randomservices.org/random/urn/index.html,reference,false,outside the bounded core/ancillary freeze
https://www.randomservices.org/random/sample/LLN.html,https://www.randomservices.org/MathJax/tex-svg.js,asset,true,
https://www.randomservices.org/random/sample/LLN.html,https://www.randomservices.org/random/Basic.js,asset,true,
https://www.randomservices.org/random/sample/LLN.html,https://www.randomservices.org/random/Screen.css,asset,true,
https://www.randomservices.org/random/sample/LLN.html,https://www.randomservices.org/random/apps/Bertrand.html,ancillary,true,
https://www.randomservices.org/random/sample/LLN.html,https://www.randomservices.org/random/apps/BinomialCoin.html,ancillary,true,
https://www.randomservices.org/random/sample/LLN.html,https://www.randomservices.org/random/apps/BuffonCoin.html,ancillary,true,
https://www.randomservices.org/random/sample/LLN.html,https://www.randomservices.org/random/apps/Dice.html,ancillary,true,
https://www.randomservices.org/random/sample/LLN.html,https://www.randomservices.org/random/apps/Gamma.html,ancillary,true,
https://www.randomservices.org/random/sample/LLN.html,https://www.randomservices.org/random/apps/Match.html,ancillary,true,
https://www.randomservices.org/random/sample/LLN.html,https://www.randomservices.org/random/apps/Poker.html,ancillary,true,
https://www.randomservices.org/random/sample/LLN.html,https://www.randomservices.org/random/apps/SpecialSimulator.html,ancillary,true,
https://www.randomservices.org/random/sample/LLN.html,https://www.randomservices.org/random/apps/index.html,ancillary,true,
https://www.randomservices.org/random/sample/LLN.html,https://www.randomservices.org/random/bernoulli/Binomial.html,reference,false,outside the bounded core/ancillary freeze
https://www.randomservices.org/random/sample/LLN.html,https://www.randomservices.org/random/biographies/index.html,ancillary,true,
https://www.randomservices.org/random/sample/LLN.html,https://www.randomservices.org/random/data/index.html,ancillary,true,
https://www.randomservices.org/random/sample/LLN.html,https://www.randomservices.org/random/dist/CDF.html,reference,false,outside the bounded core/ancillary freeze
https://www.randomservices.org/random/sample/LLN.html,https://www.randomservices.org/random/dist/Continuous.html,reference,false,outside the bounded core/ancillary freeze
https://www.randomservices.org/random/sample/LLN.html,https://www.randomservices.org/random/dist/Discrete.html,reference,false,outside the bounded core/ancillary freeze
https://www.randomservices.org/random/sample/LLN.html,https://www.randomservices.org/random/expect/Properties.html,reference,false,outside the bounded core/ancillary freeze
https://www.randomservices.org/random/sample/LLN.html,https://www.randomservices.org/random/expect/Spaces.html,reference,false,outside the bounded core/ancillary freeze
https://www.randomservices.org/random/sample/LLN.html,https://www.randomservices.org/random/expect/Variance.html,reference,false,outside the bounded core/ancillary freeze
https://www.randomservices.org/random/sample/LLN.html,https://www.randomservices.org/random/icons/Icon.svg,asset,true,
https://www.randomservices.org/random/sample/LLN.html,https://www.randomservices.org/random/icons/Minus.svg,asset,true,
https://www.randomservices.org/random/sample/LLN.html,https://www.randomservices.org/random/icons/Plus.svg,asset,true,
https://www.randomservices.org/random/sample/LLN.html,https://www.randomservices.org/random/index.html,reference,false,outside the bounded core/ancillary freeze
https://www.randomservices.org/random/sample/LLN.html,https://www.randomservices.org/random/martingales/Backwards.html,reference,false,outside the bounded core/ancillary freeze
https://www.randomservices.org/random/sample/LLN.html,https://www.randomservices.org/random/martingales/index.html,reference,false,outside the bounded core/ancillary freeze
https://www.randomservices.org/random/sample/LLN.html,https://www.randomservices.org/random/point/Estimators.html,reference,false,outside the bounded core/ancillary freeze
https://www.randomservices.org/random/sample/LLN.html,https://www.randomservices.org/random/prob/Convergence.html,reference,false,outside the bounded core/ancillary freeze
https://www.randomservices.org/random/sample/LLN.html,https://www.randomservices.org/random/prob/Experiments.html,reference,false,outside the bounded core/ancillary freeze
https://www.randomservices.org/random/sample/LLN.html,https://www.randomservices.org/random/prob/Probability.html,reference,false,outside the bounded core/ancillary freeze
https://www.randomservices.org/random/sample/LLN.html,https://www.randomservices.org/random/sample/CLT.html,reference,false,outside the bounded core/ancillary freeze
https://www.randomservices.org/random/sample/LLN.html,https://www.randomservices.org/random/sample/Covariance.html,reference,false,outside the bounded core/ancillary freeze
https://www.randomservices.org/random/sample/LLN.html,https://www.randomservices.org/random/sample/Introduction.html,reference,false,outside the bounded core/ancillary freeze
https://www.randomservices.org/random/sample/LLN.html,https://www.randomservices.org/random/sample/Mean.html,reference,false,outside the bounded core/ancillary freeze
https://www.randomservices.org/random/sample/LLN.html,https://www.randomservices.org/random/sample/Normal.html,reference,false,outside the bounded core/ancillary freeze
https://www.randomservices.org/random/sample/LLN.html,https://www.randomservices.org/random/sample/OrderStatistics.html,reference,false,outside the bounded core/ancillary freeze
https://www.randomservices.org/random/sample/LLN.html,https://www.randomservices.org/random/sample/Variance.html,reference,false,outside the bounded core/ancillary freeze
https://www.randomservices.org/random/sample/LLN.html,https://www.randomservices.org/random/sample/index.html,reference,false,outside the bounded core/ancillary freeze
https://www.randomservices.org/random/sample/LLN.html,https://www.randomservices.org/random/special/Beta.html,reference,false,outside the bounded core/ancillary freeze
https://www.randomservices.org/random/sample/LLN.html,https://www.randomservices.org/random/special/Normal.html,reference,false,outside the bounded core/ancillary freeze
https://www.randomservices.org/random/sample/LLN.html,https://www.randomservices.org/random/special/Pareto.html,reference,false,outside the bounded core/ancillary freeze
https://www.randomservices.org/random/sample/Mean.html,https://www.randomservices.org/MathJax/tex-svg.js,asset,true,
https://www.randomservices.org/random/sample/Mean.html,https://www.randomservices.org/random/Basic.js,asset,true,
https://www.randomservices.org/random/sample/Mean.html,https://www.randomservices.org/random/Screen.css,asset,true,
https://www.randomservices.org/random/sample/Mean.html,https://www.randomservices.org/random/apps/Histogram.html,ancillary,true,
https://www.randomservices.org/random/sample/Mean.html,https://www.randomservices.org/random/apps/index.html,ancillary,true,
https://www.randomservices.org/random/sample/Mean.html,https://www.randomservices.org/random/biographies/index.html,ancillary,true,
https://www.randomservices.org/random/sample/Mean.html,https://www.randomservices.org/random/data/Cavendish.html,ancillary,true,
https://www.randomservices.org/random/sample/Mean.html,https://www.randomservices.org/random/data/Challenger.html,ancillary,true,
https://www.randomservices.org/random/sample/Mean.html,https://www.randomservices.org/random/data/Cicada.html,ancillary,true,
https://www.randomservices.org/random/sample/Mean.html,https://www.randomservices.org/random/data/Fisher.html,ancillary,false,fetch failed for https://www.randomservices.org/random/data/Fisher.html: HTTP Error 404: Not Found
https://www.randomservices.org/random/sample/Mean.html,https://www.randomservices.org/random/data/MM.html,ancillary,true,
https://www.randomservices.org/random/sample/Mean.html,https://www.randomservices.org/random/data/Michelson.html,ancillary,true,
https://www.randomservices.org/random/sample/Mean.html,https://www.randomservices.org/random/data/Pearson.html,ancillary,true,
https://www.randomservices.org/random/sample/Mean.html,https://www.randomservices.org/random/data/Short.html,ancillary,true,
https://www.randomservices.org/random/sample/Mean.html,https://www.randomservices.org/random/data/index.html,ancillary,true,
https://www.randomservices.org/random/sample/Mean.html,https://www.randomservices.org/random/dist/CDF.html,reference,false,outside the bounded core/ancillary freeze
https://www.randomservices.org/random/sample/Mean.html,https://www.randomservices.org/random/dist/Continuous.html,reference,false,outside the bounded core/ancillary freeze
https://www.randomservices.org/random/sample/Mean.html,https://www.randomservices.org/random/dist/Discrete.html,reference,false,outside the bounded core/ancillary freeze
https://www.randomservices.org/random/sample/Mean.html,https://www.randomservices.org/random/expect/Properties.html,reference,false,outside the bounded core/ancillary freeze
https://www.randomservices.org/random/sample/Mean.html,https://www.randomservices.org/random/icons/Icon.svg,asset,true,
https://www.randomservices.org/random/sample/Mean.html,https://www.randomservices.org/random/icons/Minus.svg,asset,true,
https://www.randomservices.org/random/sample/Mean.html,https://www.randomservices.org/random/icons/Plus.svg,asset,true,
https://www.randomservices.org/random/sample/Mean.html,https://www.randomservices.org/random/index.html,reference,false,outside the bounded core/ancillary freeze
https://www.randomservices.org/random/sample/Mean.html,https://www.randomservices.org/random/prob/Probability.html,reference,false,outside the bounded core/ancillary freeze
https://www.randomservices.org/random/sample/Mean.html,https://www.randomservices.org/random/sample/CLT.html,reference,false,outside the bounded core/ancillary freeze
https://www.randomservices.org/random/sample/Mean.html,https://www.randomservices.org/random/sample/ContinuousDistribution.png,asset,true,
https://www.randomservices.org/random/sample/Mean.html,https://www.randomservices.org/random/sample/Covariance.html,reference,false,outside the bounded core/ancillary freeze
https://www.randomservices.org/random/sample/Mean.html,https://www.randomservices.org/random/sample/DiscreteDistribution.png,asset,true,
https://www.randomservices.org/random/sample/Mean.html,https://www.randomservices.org/random/sample/DotPlot.png,asset,true,
https://www.randomservices.org/random/sample/Mean.html,https://www.randomservices.org/random/sample/EmpiricalPDF.png,asset,true,
https://www.randomservices.org/random/sample/Mean.html,https://www.randomservices.org/random/sample/Histogram.png,asset,true,
https://www.randomservices.org/random/sample/Mean.html,https://www.randomservices.org/random/sample/Introduction.html,reference,false,outside the bounded core/ancillary freeze
https://www.randomservices.org/random/sample/Mean.html,https://www.randomservices.org/random/sample/LLN.html,reference,false,outside the bounded core/ancillary freeze
https://www.randomservices.org/random/sample/Mean.html,https://www.randomservices.org/random/sample/Normal.html,reference,false,outside the bounded core/ancillary freeze
https://www.randomservices.org/random/sample/Mean.html,https://www.randomservices.org/random/sample/OrderStatistics.html,reference,false,outside the bounded core/ancillary freeze
https://www.randomservices.org/random/sample/Mean.html,https://www.randomservices.org/random/sample/Variance.html,reference,false,outside the bounded core/ancillary freeze
https://www.randomservices.org/random/sample/Mean.html,https://www.randomservices.org/random/sample/index.html,reference,false,outside the bounded core/ancillary freeze
https://www.randomservices.org/random/sample/Normal.html,https://www.randomservices.org/MathJax/tex-svg.js,asset,true,
https://www.randomservices.org/random/sample/Normal.html,https://www.randomservices.org/random/Basic.js,asset,true,
https://www.randomservices.org/random/sample/Normal.html,https://www.randomservices.org/random/Screen.css,asset,true,
https://www.randomservices.org/random/sample/Normal.html,https://www.randomservices.org/random/apps/SpecialSimulator.html,ancillary,true,
https://www.randomservices.org/random/sample/Normal.html,https://www.randomservices.org/random/apps/index.html,ancillary,true,
https://www.randomservices.org/random/sample/Normal.html,https://www.randomservices.org/random/biographies/Fisher.html,ancillary,true,
https://www.randomservices.org/random/sample/Normal.html,https://www.randomservices.org/random/biographies/index.html,ancillary,true,
https://www.randomservices.org/random/sample/Normal.html,https://www.randomservices.org/random/data/Cicada.html,ancillary,true,
https://www.randomservices.org/random/sample/Normal.html,https://www.randomservices.org/random/data/Pearson.html,ancillary,true,
https://www.randomservices.org/random/sample/Normal.html,https://www.randomservices.org/random/data/index.html,ancillary,true,
https://www.randomservices.org/random/sample/Normal.html,https://www.randomservices.org/random/expect/Properties.html,reference,false,outside the bounded core/ancillary freeze
https://www.randomservices.org/random/sample/Normal.html,https://www.randomservices.org/random/expect/Skew.html,reference,false,outside the bounded core/ancillary freeze
https://www.randomservices.org/random/sample/Normal.html,https://www.randomservices.org/random/expect/Variance.html,reference,false,outside the bounded core/ancillary freeze
https://www.randomservices.org/random/sample/Normal.html,https://www.randomservices.org/random/hypothesis/BivariateNormal.html,reference,false,outside the bounded core/ancillary freeze
https://www.randomservices.org/random/sample/Normal.html,https://www.randomservices.org/random/hypothesis/Normal.html,reference,false,outside the bounded core/ancillary freeze
https://www.randomservices.org/random/sample/Normal.html,https://www.randomservices.org/random/icons/Icon.svg,asset,true,
https://www.randomservices.org/random/sample/Normal.html,https://www.randomservices.org/random/icons/Minus.svg,asset,true,
https://www.randomservices.org/random/sample/Normal.html,https://www.randomservices.org/random/icons/Plus.svg,asset,true,
https://www.randomservices.org/random/sample/Normal.html,https://www.randomservices.org/random/index.html,reference,false,outside the bounded core/ancillary freeze
https://www.randomservices.org/random/sample/Normal.html,https://www.randomservices.org/random/interval/BivariateNormal.html,reference,false,outside the bounded core/ancillary freeze
https://www.randomservices.org/random/sample/Normal.html,https://www.randomservices.org/random/interval/Normal.html,reference,false,outside the bounded core/ancillary freeze
https://www.randomservices.org/random/sample/Normal.html,https://www.randomservices.org/random/prob/Independence.html,reference,false,outside the bounded core/ancillary freeze
https://www.randomservices.org/random/sample/Normal.html,https://www.randomservices.org/random/sample/CLT.html,reference,false,outside the bounded core/ancillary freeze
https://www.randomservices.org/random/sample/Normal.html,https://www.randomservices.org/random/sample/Covariance.html,reference,false,outside the bounded core/ancillary freeze
https://www.randomservices.org/random/sample/Normal.html,https://www.randomservices.org/random/sample/Introduction.html,reference,false,outside the bounded core/ancillary freeze
https://www.randomservices.org/random/sample/Normal.html,https://www.randomservices.org/random/sample/LLN.html,reference,false,outside the bounded core/ancillary freeze
https://www.randomservices.org/random/sample/Normal.html,https://www.randomservices.org/random/sample/Mean.html,reference,false,outside the bounded core/ancillary freeze
https://www.randomservices.org/random/sample/Normal.html,https://www.randomservices.org/random/sample/OrderStatistics.html,reference,false,outside the bounded core/ancillary freeze
https://www.randomservices.org/random/sample/Normal.html,https://www.randomservices.org/random/sample/Variance.html,reference,false,outside the bounded core/ancillary freeze
https://www.randomservices.org/random/sample/Normal.html,https://www.randomservices.org/random/sample/index.html,reference,false,outside the bounded core/ancillary freeze
https://www.randomservices.org/random/sample/Normal.html,https://www.randomservices.org/random/special/ChiSquare.html,reference,false,outside the bounded core/ancillary freeze
https://www.randomservices.org/random/sample/Normal.html,https://www.randomservices.org/random/special/Fisher.html,reference,false,outside the bounded core/ancillary freeze
https://www.randomservices.org/random/sample/Normal.html,https://www.randomservices.org/random/special/MultiNormal.html,reference,false,outside the bounded core/ancillary freeze
https://www.randomservices.org/random/sample/Normal.html,https://www.randomservices.org/random/special/Normal.html,reference,false,outside the bounded core/ancillary freeze
https://www.randomservices.org/random/sample/Normal.html,https://www.randomservices.org/random/special/Student.html,reference,false,outside the bounded core/ancillary freeze
https://www.randomservices.org/random/sample/OrderStatistics.html,https://www.randomservices.org/MathJax/tex-svg.js,asset,true,
https://www.randomservices.org/random/sample/OrderStatistics.html,https://www.randomservices.org/random/Basic.js,asset,true,
https://www.randomservices.org/random/sample/OrderStatistics.html,https://www.randomservices.org/random/Screen.css,asset,true,
https://www.randomservices.org/random/sample/OrderStatistics.html,https://www.randomservices.org/random/apps/Dice.html,ancillary,true,
https://www.randomservices.org/random/sample/OrderStatistics.html,https://www.randomservices.org/random/apps/ErrorFunction.html,ancillary,true,
https://www.randomservices.org/random/sample/OrderStatistics.html,https://www.randomservices.org/random/apps/Histogram.html,ancillary,true,
https://www.randomservices.org/random/sample/OrderStatistics.html,https://www.randomservices.org/random/apps/OrderStatistic.html,ancillary,true,
https://www.randomservices.org/random/sample/OrderStatistics.html,https://www.randomservices.org/random/apps/ProbabilityPlot.html,ancillary,true,
https://www.randomservices.org/random/sample/OrderStatistics.html,https://www.randomservices.org/random/apps/index.html,ancillary,true,
https://www.randomservices.org/random/sample/OrderStatistics.html,https://www.randomservices.org/random/bernoulli/Binomial.html,reference,false,outside the bounded core/ancillary freeze
https://www.randomservices.org/random/sample/OrderStatistics.html,https://www.randomservices.org/random/bernoulli/index.html,reference,false,outside the bounded core/ancillary freeze
https://www.randomservices.org/random/sample/OrderStatistics.html,https://www.randomservices.org/random/biographies/index.html,ancillary,true,
https://www.randomservices.org/random/sample/OrderStatistics.html,https://www.randomservices.org/random/data/Cavendish.html,ancillary,true,
https://www.randomservices.org/random/sample/OrderStatistics.html,https://www.randomservices.org/random/data/Challenger.html,ancillary,true,
https://www.randomservices.org/random/sample/OrderStatistics.html,https://www.randomservices.org/random/data/Cicada.html,ancillary,true,
https://www.randomservices.org/random/sample/OrderStatistics.html,https://www.randomservices.org/random/data/Fisher.html,ancillary,false,fetch failed for https://www.randomservices.org/random/data/Fisher.html: HTTP Error 404: Not Found
https://www.randomservices.org/random/sample/OrderStatistics.html,https://www.randomservices.org/random/data/MM.html,ancillary,true,
https://www.randomservices.org/random/sample/OrderStatistics.html,https://www.randomservices.org/random/data/Michelson.html,ancillary,true,
https://www.randomservices.org/random/sample/OrderStatistics.html,https://www.randomservices.org/random/data/Pearson.html,ancillary,true,
https://www.randomservices.org/random/sample/OrderStatistics.html,https://www.randomservices.org/random/data/Short.html,ancillary,true,
https://www.randomservices.org/random/sample/OrderStatistics.html,https://www.randomservices.org/random/data/index.html,ancillary,true,
https://www.randomservices.org/random/sample/OrderStatistics.html,https://www.randomservices.org/random/dist/CDF.html,reference,false,outside the bounded core/ancillary freeze
https://www.randomservices.org/random/sample/OrderStatistics.html,https://www.randomservices.org/random/dist/Continuous.html,reference,false,outside the bounded core/ancillary freeze
https://www.randomservices.org/random/sample/OrderStatistics.html,https://www.randomservices.org/random/dist/Discrete.html,reference,false,outside the bounded core/ancillary freeze
https://www.randomservices.org/random/sample/OrderStatistics.html,https://www.randomservices.org/random/dist/Transformations.html,reference,false,outside the bounded core/ancillary freeze
https://www.randomservices.org/random/sample/OrderStatistics.html,https://www.randomservices.org/random/expect/Properties2.html,reference,false,outside the bounded core/ancillary freeze
https://www.randomservices.org/random/sample/OrderStatistics.html,https://www.randomservices.org/random/hypothesis/ChiSquare.html,reference,false,outside the bounded core/ancillary freeze
https://www.randomservices.org/random/sample/OrderStatistics.html,https://www.randomservices.org/random/hypothesis/index.html,reference,false,outside the bounded core/ancillary freeze
https://www.randomservices.org/random/sample/OrderStatistics.html,https://www.randomservices.org/random/icons/Icon.svg,asset,true,
https://www.randomservices.org/random/sample/OrderStatistics.html,https://www.randomservices.org/random/icons/Minus.svg,asset,true,
https://www.randomservices.org/random/sample/OrderStatistics.html,https://www.randomservices.org/random/icons/Plus.svg,asset,true,
https://www.randomservices.org/random/sample/OrderStatistics.html,https://www.randomservices.org/random/index.html,reference,false,outside the bounded core/ancillary freeze
https://www.randomservices.org/random/sample/OrderStatistics.html,https://www.randomservices.org/random/poisson/Exponential.html,reference,false,outside the bounded core/ancillary freeze
https://www.randomservices.org/random/sample/OrderStatistics.html,https://www.randomservices.org/random/poisson/index.html,reference,false,outside the bounded core/ancillary freeze
https://www.randomservices.org/random/sample/OrderStatistics.html,https://www.randomservices.org/random/prob/Experiments.html,reference,false,outside the bounded core/ancillary freeze
https://www.randomservices.org/random/sample/OrderStatistics.html,https://www.randomservices.org/random/prob/Independence.html,reference,false,outside the bounded core/ancillary freeze
https://www.randomservices.org/random/sample/OrderStatistics.html,https://www.randomservices.org/random/prob/Probability.html,reference,false,outside the bounded core/ancillary freeze
https://www.randomservices.org/random/sample/OrderStatistics.html,https://www.randomservices.org/random/sample/BoxPlot.png,asset,true,
https://www.randomservices.org/random/sample/OrderStatistics.html,https://www.randomservices.org/random/sample/CLT.html,reference,false,outside the bounded core/ancillary freeze
https://www.randomservices.org/random/sample/OrderStatistics.html,https://www.randomservices.org/random/sample/Covariance.html,reference,false,outside the bounded core/ancillary freeze
https://www.randomservices.org/random/sample/OrderStatistics.html,https://www.randomservices.org/random/sample/Introduction.html,reference,false,outside the bounded core/ancillary freeze
https://www.randomservices.org/random/sample/OrderStatistics.html,https://www.randomservices.org/random/sample/LLN.html,reference,false,outside the bounded core/ancillary freeze
https://www.randomservices.org/random/sample/OrderStatistics.html,https://www.randomservices.org/random/sample/Mean.html,reference,false,outside the bounded core/ancillary freeze
https://www.randomservices.org/random/sample/OrderStatistics.html,https://www.randomservices.org/random/sample/Normal.html,reference,false,outside the bounded core/ancillary freeze
https://www.randomservices.org/random/sample/OrderStatistics.html,https://www.randomservices.org/random/sample/Variance.html,reference,false,outside the bounded core/ancillary freeze
https://www.randomservices.org/random/sample/OrderStatistics.html,https://www.randomservices.org/random/sample/index.html,reference,false,outside the bounded core/ancillary freeze
https://www.randomservices.org/random/sample/OrderStatistics.html,https://www.randomservices.org/random/special/Beta.html,reference,false,outside the bounded core/ancillary freeze
https://www.randomservices.org/random/sample/OrderStatistics.html,https://www.randomservices.org/random/special/LocationScale.html,reference,false,outside the bounded core/ancillary freeze
https://www.randomservices.org/random/sample/OrderStatistics.html,https://www.randomservices.org/random/special/Normal.html,reference,false,outside the bounded core/ancillary freeze
https://www.randomservices.org/random/sample/Variance.html,https://www.randomservices.org/MathJax/tex-svg.js,asset,true,
https://www.randomservices.org/random/sample/Variance.html,https://www.randomservices.org/random/Basic.js,asset,true,
https://www.randomservices.org/random/sample/Variance.html,https://www.randomservices.org/random/Screen.css,asset,true,
https://www.randomservices.org/random/sample/Variance.html,https://www.randomservices.org/random/apps/BinomialCoin.html,ancillary,true,
https://www.randomservices.org/random/sample/Variance.html,https://www.randomservices.org/random/apps/ErrorFunction.html,ancillary,true,
https://www.randomservices.org/random/sample/Variance.html,https://www.randomservices.org/random/apps/Gamma.html,ancillary,true,
https://www.randomservices.org/random/sample/Variance.html,https://www.randomservices.org/random/apps/Match.html,ancillary,true,
https://www.randomservices.org/random/sample/Variance.html,https://www.randomservices.org/random/apps/index.html,ancillary,true,
https://www.randomservices.org/random/sample/Variance.html,https://www.randomservices.org/random/biographies/index.html,ancillary,true,
https://www.randomservices.org/random/sample/Variance.html,https://www.randomservices.org/random/data/Cavendish.html,ancillary,true,
https://www.randomservices.org/random/sample/Variance.html,https://www.randomservices.org/random/data/Challenger.html,ancillary,true,
https://www.randomservices.org/random/sample/Variance.html,https://www.randomservices.org/random/data/Cicada.html,ancillary,true,
https://www.randomservices.org/random/sample/Variance.html,https://www.randomservices.org/random/data/Fisher.html,ancillary,false,fetch failed for https://www.randomservices.org/random/data/Fisher.html: HTTP Error 404: Not Found
https://www.randomservices.org/random/sample/Variance.html,https://www.randomservices.org/random/data/MM.html,ancillary,true,
https://www.randomservices.org/random/sample/Variance.html,https://www.randomservices.org/random/data/Michelson.html,ancillary,true,
https://www.randomservices.org/random/sample/Variance.html,https://www.randomservices.org/random/data/Pearson.html,ancillary,true,
https://www.randomservices.org/random/sample/Variance.html,https://www.randomservices.org/random/data/Short.html,ancillary,true,
https://www.randomservices.org/random/sample/Variance.html,https://www.randomservices.org/random/data/index.html,ancillary,true,
https://www.randomservices.org/random/sample/Variance.html,https://www.randomservices.org/random/dist/Discrete.html,reference,false,outside the bounded core/ancillary freeze
https://www.randomservices.org/random/sample/Variance.html,https://www.randomservices.org/random/expect/Properties.html,reference,false,outside the bounded core/ancillary freeze
https://www.randomservices.org/random/sample/Variance.html,https://www.randomservices.org/random/expect/Properties2.html,reference,false,outside the bounded core/ancillary freeze
https://www.randomservices.org/random/sample/Variance.html,https://www.randomservices.org/random/expect/Variance.html,reference,false,outside the bounded core/ancillary freeze
https://www.randomservices.org/random/sample/Variance.html,https://www.randomservices.org/random/icons/Icon.svg,asset,true,
https://www.randomservices.org/random/sample/Variance.html,https://www.randomservices.org/random/icons/Minus.svg,asset,true,
https://www.randomservices.org/random/sample/Variance.html,https://www.randomservices.org/random/icons/Plus.svg,asset,true,
https://www.randomservices.org/random/sample/Variance.html,https://www.randomservices.org/random/index.html,reference,false,outside the bounded core/ancillary freeze
https://www.randomservices.org/random/sample/Variance.html,https://www.randomservices.org/random/poisson/Exponential.html,reference,false,outside the bounded core/ancillary freeze
https://www.randomservices.org/random/sample/Variance.html,https://www.randomservices.org/random/prob/Experiments.html,reference,false,outside the bounded core/ancillary freeze
https://www.randomservices.org/random/sample/Variance.html,https://www.randomservices.org/random/prob/Probability.html,reference,false,outside the bounded core/ancillary freeze
https://www.randomservices.org/random/sample/Variance.html,https://www.randomservices.org/random/sample/CLT.html,reference,false,outside the bounded core/ancillary freeze
https://www.randomservices.org/random/sample/Variance.html,https://www.randomservices.org/random/sample/Covariance.html,reference,false,outside the bounded core/ancillary freeze
https://www.randomservices.org/random/sample/Variance.html,https://www.randomservices.org/random/sample/Introduction.html,reference,false,outside the bounded core/ancillary freeze
https://www.randomservices.org/random/sample/Variance.html,https://www.randomservices.org/random/sample/LLN.html,reference,false,outside the bounded core/ancillary freeze
https://www.randomservices.org/random/sample/Variance.html,https://www.randomservices.org/random/sample/Mean.html,reference,false,outside the bounded core/ancillary freeze
https://www.randomservices.org/random/sample/Variance.html,https://www.randomservices.org/random/sample/Normal.html,reference,false,outside the bounded core/ancillary freeze
https://www.randomservices.org/random/sample/Variance.html,https://www.randomservices.org/random/sample/OrderStatistics.html,reference,false,outside the bounded core/ancillary freeze
https://www.randomservices.org/random/sample/Variance.html,https://www.randomservices.org/random/sample/Variance.html,reference,false,outside the bounded core/ancillary freeze
https://www.randomservices.org/random/sample/Variance.html,https://www.randomservices.org/random/sample/index.html,reference,false,outside the bounded core/ancillary freeze
https://www.randomservices.org/random/sample/Variance.html,https://www.randomservices.org/random/special/Beta.html,reference,false,outside the bounded core/ancillary freeze
https://www.randomservices.org/random/sample/index.html,http://mathworld.wolfram.com/topics/ProbabilityandStatistics.html,reference,false,outside the bounded core/ancillary freeze
https://www.randomservices.org/random/sample/index.html,"http://www.google.com/search?q=An+Introduction+to+Mathematical+Statistics,Larsen,Marx",reference,false,outside the bounded core/ancillary freeze
https://www.randomservices.org/random/sample/index.html,"http://www.google.com/search?q=Elementary+Statistics,Triola",reference,false,outside the bounded core/ancillary freeze
https://www.randomservices.org/random/sample/index.html,"http://www.google.com/search?q=Introduction+to+Probability+and+Mathematical+Statistics,+Bain,+Engelhardt",reference,false,outside the bounded core/ancillary freeze
https://www.randomservices.org/random/sample/index.html,"http://www.google.com/search?q=Introductory+Statistics,Weiss",reference,false,outside the bounded core/ancillary freeze
https://www.randomservices.org/random/sample/index.html,http://www.google.com/search?q=Statistical+Inference+Casella+Berger,reference,false,outside the bounded core/ancillary freeze
https://www.randomservices.org/random/sample/index.html,"http://www.google.com/search?q=Statistics,Freedman,Pisani,Purves",reference,false,outside the bounded core/ancillary freeze
https://www.randomservices.org/random/sample/index.html,https://en.wikipedia.org/wiki/Portal:Statistics,reference,false,outside the bounded core/ancillary freeze
https://www.randomservices.org/random/sample/index.html,https://www.randomservices.org/random/Basic.js,asset,true,
https://www.randomservices.org/random/sample/index.html,https://www.randomservices.org/random/Screen.css,asset,true,
https://www.randomservices.org/random/sample/index.html,https://www.randomservices.org/random/apps/Dice.html,ancillary,true,
https://www.randomservices.org/random/sample/index.html,https://www.randomservices.org/random/apps/ErrorFunction.html,ancillary,true,
https://www.randomservices.org/random/sample/index.html,https://www.randomservices.org/random/apps/Histogram.html,ancillary,true,
https://www.randomservices.org/random/sample/index.html,https://www.randomservices.org/random/apps/OrderStatistic.html,ancillary,true,
https://www.randomservices.org/random/sample/index.html,https://www.randomservices.org/random/apps/ProbabilityPlot.html,ancillary,true,
https://www.randomservices.org/random/sample/index.html,https://www.randomservices.org/random/apps/SampleMean.html,ancillary,true,
https://www.randomservices.org/random/sample/index.html,https://www.randomservices.org/random/apps/Scatterplot.html,ancillary,true,
https://www.randomservices.org/random/sample/index.html,https://www.randomservices.org/random/apps/index.html,ancillary,true,
https://www.randomservices.org/random/sample/index.html,https://www.randomservices.org/random/bernoulli/index.html,reference,false,outside the bounded core/ancillary freeze
https://www.randomservices.org/random/sample/index.html,https://www.randomservices.org/random/biographies/Clemens.html,ancillary,true,
https://www.randomservices.org/random/sample/index.html,https://www.randomservices.org/random/biographies/index.html,ancillary,true,
https://www.randomservices.org/random/sample/index.html,https://www.randomservices.org/random/brown/index.html,reference,false,outside the bounded core/ancillary freeze
https://www.randomservices.org/random/sample/index.html,https://www.randomservices.org/random/buffon/index.html,reference,false,outside the bounded core/ancillary freeze
https://www.randomservices.org/random/sample/index.html,https://www.randomservices.org/random/data/index.html,ancillary,true,
https://www.randomservices.org/random/sample/index.html,https://www.randomservices.org/random/dist/index.html,reference,false,outside the bounded core/ancillary freeze
https://www.randomservices.org/random/sample/index.html,https://www.randomservices.org/random/expect/index.html,reference,false,outside the bounded core/ancillary freeze
https://www.randomservices.org/random/sample/index.html,https://www.randomservices.org/random/foundations/index.html,reference,false,outside the bounded core/ancillary freeze
https://www.randomservices.org/random/sample/index.html,https://www.randomservices.org/random/games/index.html,reference,false,outside the bounded core/ancillary freeze
https://www.randomservices.org/random/sample/index.html,https://www.randomservices.org/random/hypothesis/index.html,reference,false,outside the bounded core/ancillary freeze
https://www.randomservices.org/random/sample/index.html,https://www.randomservices.org/random/icons/Icon.svg,asset,true,
https://www.randomservices.org/random/sample/index.html,https://www.randomservices.org/random/index.html,reference,false,outside the bounded core/ancillary freeze
https://www.randomservices.org/random/sample/index.html,https://www.randomservices.org/random/interval/index.html,reference,false,outside the bounded core/ancillary freeze
https://www.randomservices.org/random/sample/index.html,https://www.randomservices.org/random/markov/index.html,reference,false,outside the bounded core/ancillary freeze
https://www.randomservices.org/random/sample/index.html,https://www.randomservices.org/random/martingales/index.html,reference,false,outside the bounded core/ancillary freeze
https://www.randomservices.org/random/sample/index.html,https://www.randomservices.org/random/point/index.html,reference,false,outside the bounded core/ancillary freeze
https://www.randomservices.org/random/sample/index.html,https://www.randomservices.org/random/poisson/index.html,reference,false,outside the bounded core/ancillary freeze
https://www.randomservices.org/random/sample/index.html,https://www.randomservices.org/random/prob/index.html,reference,false,outside the bounded core/ancillary freeze
https://www.randomservices.org/random/sample/index.html,https://www.randomservices.org/random/renewal/index.html,reference,false,outside the bounded core/ancillary freeze
https://www.randomservices.org/random/sample/index.html,https://www.randomservices.org/random/sample/CLT.html,reference,false,outside the bounded core/ancillary freeze
https://www.randomservices.org/random/sample/index.html,https://www.randomservices.org/random/sample/Covariance.html,reference,false,outside the bounded core/ancillary freeze
https://www.randomservices.org/random/sample/index.html,https://www.randomservices.org/random/sample/Introduction.html,reference,false,outside the bounded core/ancillary freeze
https://www.randomservices.org/random/sample/index.html,https://www.randomservices.org/random/sample/LLN.html,reference,false,outside the bounded core/ancillary freeze
https://www.randomservices.org/random/sample/index.html,https://www.randomservices.org/random/sample/Mean.html,reference,false,outside the bounded core/ancillary freeze
https://www.randomservices.org/random/sample/index.html,https://www.randomservices.org/random/sample/Normal.html,reference,false,outside the bounded core/ancillary freeze
https://www.randomservices.org/random/sample/index.html,https://www.randomservices.org/random/sample/OrderStatistics.html,reference,false,outside the bounded core/ancillary freeze
https://www.randomservices.org/random/sample/index.html,https://www.randomservices.org/random/sample/Variance.html,reference,false,outside the bounded core/ancillary freeze
https://www.randomservices.org/random/sample/index.html,https://www.randomservices.org/random/special/index.html,reference,false,outside the bounded core/ancillary freeze
https://www.randomservices.org/random/sample/index.html,https://www.randomservices.org/random/urn/index.html,reference,false,outside the bounded core/ancillary freeze
